date,cusip,series,coupon,maturity_date,price,yield,tenor
02/01/2023,BY4236745,FR95,6.375,15/08/2028,99.102,6.567,05_year
03/01/2023,BY4236745,FR95,6.375,15/08/2028,98.71,6.652,05_year
04/01/2023,BY4236745,FR95,6.375,15/08/2028,98.845,6.623,05_year
05/01/2023,BY4236745,FR95,6.375,15/08/2028,98.989,6.592,05_year
06/01/2023,BY4236745,FR95,6.375,15/08/2028,98.945,6.602,05_year
09/01/2023,BY4236745,FR95,6.375,15/08/2028,99.34,6.516,05_year
10/01/2023,BY4236745,FR95,6.375,15/08/2028,99.621,6.455,05_year
11/01/2023,BY4236745,FR95,6.375,15/08/2028,99.707,6.437,05_year
12/01/2023,BY4236745,FR95,6.375,15/08/2028,99.969,6.38,05_year
13/01/2023,BY4236745,FR95,6.375,15/08/2028,99.936,6.387,05_year
16/01/2023,BY4236745,FR95,6.375,15/08/2028,99.691,6.44,05_year
17/01/2023,BY4236745,FR95,6.375,15/08/2028,99.807,6.415,05_year
18/01/2023,BY4236745,FR95,6.375,15/08/2028,99.983,6.377,05_year
19/01/2023,BY4236745,FR95,6.375,15/08/2028,100.154,6.341,05_year
20/01/2023,BY4236745,FR95,6.375,15/08/2028,100.177,6.336,05_year
23/01/2023,BY4236745,FR95,6.375,15/08/2028,,,05_year
24/01/2023,BY4236745,FR95,6.375,15/08/2028,100.154,6.341,05_year
25/01/2023,BY4236745,FR95,6.375,15/08/2028,99.959,6.383,05_year
26/01/2023,BY4236745,FR95,6.375,15/08/2028,99.91,6.394,05_year
27/01/2023,BY4236745,FR95,6.375,15/08/2028,99.806,6.416,05_year
30/01/2023,BY4236745,FR95,6.375,15/08/2028,99.794,6.419,05_year
31/01/2023,BY4236745,FR95,6.375,15/08/2028,100.124,6.347,05_year
01/02/2023,BY4236745,FR95,6.375,15/08/2028,100.337,6.301,05_year
02/02/2023,BY4236745,FR95,6.375,15/08/2028,100.504,6.265,05_year
03/02/2023,BY4236745,FR95,6.375,15/08/2028,100.64,6.236,05_year
06/02/2023,BY4236745,FR95,6.375,15/08/2028,100.298,6.31,05_year
07/02/2023,BY4236745,FR95,6.375,15/08/2028,100.136,6.345,05_year
08/02/2023,BY4236745,FR95,6.375,15/08/2028,100.227,6.325,05_year
09/02/2023,BY4236745,FR95,6.375,15/08/2028,100.636,6.237,05_year
10/02/2023,BY4236745,FR95,6.375,15/08/2028,100.232,6.324,05_year
13/02/2023,BY4236745,FR95,6.375,15/08/2028,100.044,6.365,05_year
14/02/2023,BY4236745,FR95,6.375,15/08/2028,100.059,6.362,05_year
15/02/2023,BY4236745,FR95,6.375,15/08/2028,99.967,6.382,05_year
16/02/2023,BY4236745,FR95,6.375,15/08/2028,100.297,6.31,05_year
17/02/2023,BY4236745,FR95,6.375,15/08/2028,100.133,6.346,05_year
20/02/2023,BY4236745,FR95,6.375,15/08/2028,100.134,6.345,05_year
21/02/2023,BY4236745,FR95,6.375,15/08/2028,100.022,6.37,05_year
22/02/2023,BY4236745,FR95,6.375,15/08/2028,99.693,6.442,05_year
23/02/2023,BY4236745,FR95,6.375,15/08/2028,99.621,6.458,05_year
24/02/2023,BY4236745,FR95,6.375,15/08/2028,99.622,6.457,05_year
27/02/2023,BY4236745,FR95,6.375,15/08/2028,99.265,6.536,05_year
28/02/2023,BY4236745,FR95,6.375,15/08/2028,99.17,6.557,05_year
01/03/2023,BY4236745,FR95,6.375,15/08/2028,99.357,6.516,05_year
02/03/2023,BY4236745,FR95,6.375,15/08/2028,99.248,6.54,05_year
03/03/2023,BY4236745,FR95,6.375,15/08/2028,99.306,6.527,05_year
06/03/2023,BY4236745,FR95,6.375,15/08/2028,99.502,6.484,05_year
07/03/2023,BY4236745,FR95,6.375,15/08/2028,99.319,6.525,05_year
08/03/2023,BY4236745,FR95,6.375,15/08/2028,99.131,6.566,05_year
09/03/2023,BY4236745,FR95,6.375,15/08/2028,99.177,6.556,05_year
10/03/2023,BY4236745,FR95,6.375,15/08/2028,99.286,6.532,05_year
13/03/2023,BY4236745,FR95,6.375,15/08/2028,99.635,6.454,05_year
14/03/2023,BY4236745,FR95,6.375,15/08/2028,100.051,6.362,05_year
15/03/2023,BY4236745,FR95,6.375,15/08/2028,99.882,6.4,05_year
16/03/2023,BY4236745,FR95,6.375,15/08/2028,99.455,6.494,05_year
17/03/2023,BY4236745,FR95,6.375,15/08/2028,99.581,6.466,05_year
20/03/2023,BY4236745,FR95,6.375,15/08/2028,99.601,6.462,05_year
21/03/2023,BY4236745,FR95,6.375,15/08/2028,99.608,6.46,05_year
22/03/2023,BY4236745,FR95,6.375,15/08/2028,,,05_year
23/03/2023,BY4236745,FR95,6.375,15/08/2028,,,05_year
24/03/2023,BY4236745,FR95,6.375,15/08/2028,99.966,6.381,05_year
27/03/2023,BY4236745,FR95,6.375,15/08/2028,100.085,6.354,05_year
28/03/2023,BY4236745,FR95,6.375,15/08/2028,100.009,6.371,05_year
29/03/2023,BY4236745,FR95,6.375,15/08/2028,99.943,6.386,05_year
30/03/2023,BY4236745,FR95,6.375,15/08/2028,99.926,6.389,05_year
31/03/2023,BY4236745,FR95,6.375,15/08/2028,100.072,6.357,05_year
03/04/2023,BY4236745,FR95,6.375,15/08/2028,100.131,6.344,05_year
04/04/2023,BY4236745,FR95,6.375,15/08/2028,100.217,6.324,05_year
05/04/2023,BY4236745,FR95,6.375,15/08/2028,100.226,6.322,05_year
06/04/2023,BY4236745,FR95,6.375,15/08/2028,100.258,6.315,05_year
07/04/2023,BY4236745,FR95,6.375,15/08/2028,,,05_year
10/04/2023,BY4236745,FR95,6.375,15/08/2028,100.115,6.347,05_year
11/04/2023,BY4236745,FR95,6.375,15/08/2028,100.17,6.335,05_year
12/04/2023,BY4236745,FR95,6.375,15/08/2028,100.202,6.327,05_year
13/04/2023,BY4236745,FR95,6.375,15/08/2028,100.275,6.311,05_year
14/04/2023,BY4236745,FR95,6.375,15/08/2028,100.221,6.323,05_year
17/04/2023,BY4236745,FR95,6.375,15/08/2028,100.113,6.347,05_year
18/04/2023,BY4236745,FR95,6.375,15/08/2028,100.03,6.366,05_year
19/04/2023,BY4236745,FR95,6.375,15/08/2028,,,05_year
20/04/2023,BY4236745,FR95,6.375,15/08/2028,,,05_year
21/04/2023,BY4236745,FR95,6.375,15/08/2028,,,05_year
24/04/2023,BY4236745,FR95,6.375,15/08/2028,,,05_year
25/04/2023,BY4236745,FR95,6.375,15/08/2028,,,05_year
26/04/2023,BY4236745,FR95,6.375,15/08/2028,100.593,6.239,05_year
27/04/2023,BY4236745,FR95,6.375,15/08/2028,100.533,6.252,05_year
28/04/2023,BY4236745,FR95,6.375,15/08/2028,100.563,6.246,05_year
01/05/2023,BY4236745,FR95,6.375,15/08/2028,,,05_year
02/05/2023,BY4236745,FR95,6.375,15/08/2028,100.616,6.234,05_year
03/05/2023,BY4236745,FR95,6.375,15/08/2028,100.766,6.2,05_year
04/05/2023,BY4236745,FR95,6.375,15/08/2028,101.035,6.14,05_year
05/05/2023,BY4236745,FR95,6.375,15/08/2028,100.965,6.155,05_year
08/05/2023,BY4236745,FR95,6.375,15/08/2028,100.907,6.168,05_year
09/05/2023,BY4236745,FR95,6.375,15/08/2028,100.861,6.178,05_year
10/05/2023,BY4236745,FR95,6.375,15/08/2028,100.982,6.151,05_year
11/05/2023,BY4236745,FR95,6.375,15/08/2028,101.244,6.092,05_year
12/05/2023,BY4236745,FR95,6.375,15/08/2028,101.352,6.068,05_year
15/05/2023,BY4236745,FR95,6.375,15/08/2028,101.31,6.077,05_year
16/05/2023,BY4236745,FR95,6.375,15/08/2028,101.393,6.058,05_year
17/05/2023,BY4236745,FR95,6.375,15/08/2028,101.421,6.052,05_year
18/05/2023,BY4236745,FR95,6.375,15/08/2028,,,05_year
19/05/2023,BY4236745,FR95,6.375,15/08/2028,101.267,6.086,05_year
22/05/2023,BY4236745,FR95,6.375,15/08/2028,101.321,6.074,05_year
23/05/2023,BY4236745,FR95,6.375,15/08/2028,101.329,6.072,05_year
24/05/2023,BY4236745,FR95,6.375,15/08/2028,101.404,6.055,05_year
25/05/2023,BY4236745,FR95,6.375,15/08/2028,101.426,6.049,05_year
26/05/2023,BY4236745,FR95,6.375,15/08/2028,101.366,6.063,05_year
29/05/2023,BY4236745,FR95,6.375,15/08/2028,101.461,6.041,05_year
30/05/2023,BY4236745,FR95,6.375,15/08/2028,101.503,6.031,05_year
31/05/2023,BY4236745,FR95,6.375,15/08/2028,101.605,6.008,05_year
01/06/2023,BY4236745,FR95,6.375,15/08/2028,,,05_year
02/06/2023,BY4236745,FR95,6.375,15/08/2028,,,05_year
05/06/2023,BY4236745,FR95,6.375,15/08/2028,101.527,6.026,05_year
06/06/2023,BY4236745,FR95,6.375,15/08/2028,101.655,5.997,05_year
07/06/2023,BY4236745,FR95,6.375,15/08/2028,101.762,5.972,05_year
08/06/2023,BY4236745,FR95,6.375,15/08/2028,101.804,5.962,05_year
09/06/2023,BY4236745,FR95,6.375,15/08/2028,101.959,5.927,05_year
12/06/2023,BY4236745,FR95,6.375,15/08/2028,102.011,5.916,05_year
13/06/2023,BY4236745,FR95,6.375,15/08/2028,102.189,5.875,05_year
14/06/2023,BY4236745,FR95,6.375,15/08/2028,102.32,5.846,05_year
15/06/2023,BY4236745,FR95,6.375,15/08/2028,102.237,5.864,05_year
16/06/2023,BY4236745,FR95,6.375,15/08/2028,102.245,5.862,05_year
19/06/2023,BY4236745,FR95,6.375,15/08/2028,102.183,5.876,05_year
20/06/2023,BY4236745,FR95,6.375,15/08/2028,101.991,5.919,05_year
21/06/2023,BY4236745,FR95,6.375,15/08/2028,101.969,5.923,05_year
22/06/2023,BY4236745,FR95,6.375,15/08/2028,101.999,5.916,05_year
23/06/2023,BY4236745,FR95,6.375,15/08/2028,102.046,5.905,05_year
26/06/2023,BY4236745,FR95,6.375,15/08/2028,102.057,5.902,05_year
27/06/2023,BY4236745,FR95,6.375,15/08/2028,102.104,5.891,05_year
28/06/2023,BY4236745,FR95,6.375,15/08/2028,,,05_year
29/06/2023,BY4236745,FR95,6.375,15/08/2028,,,05_year
30/06/2023,BY4236745,FR95,6.375,15/08/2028,,,05_year
03/07/2023,BY4236745,FR95,6.375,15/08/2028,102.228,5.863,05_year
04/07/2023,BY4236745,FR95,6.375,15/08/2028,102.207,5.867,05_year
05/07/2023,BY4236745,FR95,6.375,15/08/2028,102.185,5.872,05_year
06/07/2023,BY4236745,FR95,6.375,15/08/2028,102.128,5.884,05_year
07/07/2023,BY4236745,FR95,6.375,15/08/2028,101.881,5.94,05_year
10/07/2023,BY4236745,FR95,6.375,15/08/2028,101.67,5.988,05_year
11/07/2023,BY4236745,FR95,6.375,15/08/2028,102.032,5.905,05_year
12/07/2023,BY4236745,FR95,6.375,15/08/2028,102.183,5.871,05_year
13/07/2023,BY4236745,FR95,6.375,15/08/2028,102.364,5.829,05_year
14/07/2023,BY4236745,FR95,6.375,15/08/2028,102.381,5.825,05_year
17/07/2023,BY4236745,FR95,6.375,15/08/2028,102.221,5.861,05_year
18/07/2023,BY4236745,FR95,6.375,15/08/2028,102.242,5.856,05_year
19/07/2023,BY4236745,FR95,6.375,15/08/2028,,,05_year
20/07/2023,BY4236745,FR95,6.375,15/08/2028,102.215,5.862,05_year
21/07/2023,BY4236745,FR95,6.375,15/08/2028,102.115,5.884,05_year
24/07/2023,BY4236745,FR95,6.375,15/08/2028,102.102,5.887,05_year
25/07/2023,BY4236745,FR95,6.375,15/08/2028,102.066,5.895,05_year
26/07/2023,BY4236745,FR95,6.375,15/08/2028,101.906,5.932,05_year
27/07/2023,BY4236745,FR95,6.375,15/08/2028,101.938,5.924,05_year
28/07/2023,BY4236745,FR95,6.375,15/08/2028,101.783,5.959,05_year
31/07/2023,BY4236745,FR95,6.375,15/08/2028,101.804,5.954,05_year
01/08/2023,BY4236745,FR95,6.375,15/08/2028,101.857,5.942,05_year
02/08/2023,BY4236745,FR95,6.375,15/08/2028,101.829,5.948,05_year
03/08/2023,BY4236745,FR95,6.375,15/08/2028,101.732,5.97,05_year
04/08/2023,BY4236745,FR95,6.375,15/08/2028,101.462,6.033,05_year
07/08/2023,BY4236745,FR95,6.375,15/08/2028,101.483,6.028,05_year
08/08/2023,BY4236745,FR95,6.375,15/08/2028,101.498,6.024,05_year
09/08/2023,BY4236745,FR95,6.375,15/08/2028,101.506,6.022,05_year
10/08/2023,BY4236745,FR95,6.375,15/08/2028,101.523,6.018,05_year
11/08/2023,BY4236745,FR95,6.375,15/08/2028,101.523,6.018,05_year
14/08/2023,BY4236745,FR95,6.375,15/08/2028,101.361,6.055,05_year
15/08/2023,BY4236745,FR95,6.375,15/08/2028,101.228,6.086,05_year
16/08/2023,BY4236745,FR95,6.375,15/08/2028,101.096,6.116,05_year
17/08/2023,BY4236745,FR95,6.375,15/08/2028,,,05_year
18/08/2023,BY4236745,FR95,6.375,15/08/2028,100.787,6.189,05_year
21/08/2023,BY4236745,FR95,6.375,15/08/2028,100.442,6.27,05_year
22/08/2023,BY4236745,FR95,6.375,15/08/2028,100.293,6.305,05_year
23/08/2023,BY4236745,FR95,6.375,15/08/2028,100.366,6.288,05_year
24/08/2023,BY4236745,FR95,6.375,15/08/2028,100.398,6.28,05_year
25/08/2023,BY4236745,FR95,6.375,15/08/2028,100.257,6.313,05_year
28/08/2023,BY4236745,FR95,6.375,15/08/2028,100.348,6.291,05_year
29/08/2023,BY4236745,FR95,6.375,15/08/2028,100.446,6.268,05_year
30/08/2023,BY4236745,FR95,6.375,15/08/2028,100.533,6.247,05_year
31/08/2023,BY4236745,FR95,6.375,15/08/2028,100.936,6.152,05_year
01/09/2023,BY4236745,FR95,6.375,15/08/2028,101.041,6.127,05_year
04/09/2023,BY4236745,FR95,6.375,15/08/2028,101.257,6.075,05_year
05/09/2023,BY4236745,FR95,6.375,15/08/2028,100.969,6.143,05_year
06/09/2023,BY4236745,FR95,6.375,15/08/2028,100.709,6.205,05_year
07/09/2023,BY4236745,FR95,6.375,15/08/2028,100.504,6.253,05_year
08/09/2023,BY4236745,FR95,6.375,15/08/2028,100.509,6.252,05_year
11/09/2023,BY4236745,FR95,6.375,15/08/2028,100.496,6.255,05_year
12/09/2023,BY4236745,FR95,6.375,15/08/2028,100.412,6.275,05_year
13/09/2023,BY4236745,FR95,6.375,15/08/2028,100.363,6.286,05_year
14/09/2023,BY4236745,FR95,6.375,15/08/2028,100.423,6.272,05_year
15/09/2023,BY4236745,FR95,6.375,15/08/2028,100.238,6.316,05_year
18/09/2023,BY4236745,FR95,6.375,15/08/2028,100.106,6.348,05_year
19/09/2023,BY4236745,FR95,6.375,15/08/2028,99.956,6.384,05_year
20/09/2023,BY4236745,FR95,6.375,15/08/2028,100.033,6.365,05_year
21/09/2023,BY4236745,FR95,6.375,15/08/2028,99.941,6.387,05_year
22/09/2023,BY4236745,FR95,6.375,15/08/2028,99.997,6.374,05_year
25/09/2023,BY4236745,FR95,6.375,15/08/2028,99.992,6.375,05_year
26/09/2023,BY4236745,FR95,6.375,15/08/2028,99.607,6.468,05_year
27/09/2023,BY4236745,FR95,6.375,15/08/2028,99.551,6.482,05_year
28/09/2023,BY4236745,FR95,6.375,15/08/2028,,,05_year
29/09/2023,BY4236745,FR95,6.375,15/08/2028,99.371,6.526,05_year
02/10/2023,BY4236745,FR95,6.375,15/08/2028,99.059,6.602,05_year
03/10/2023,BY4236745,FR95,6.375,15/08/2028,98.682,6.695,05_year
04/10/2023,BY4236745,FR95,6.375,15/08/2028,98.071,6.846,05_year
05/10/2023,BY4236745,FR95,6.375,15/08/2028,98.175,6.82,05_year
06/10/2023,BY4236745,FR95,6.375,15/08/2028,98.409,6.763,05_year
09/10/2023,BY4236745,FR95,6.375,15/08/2028,98.379,6.77,05_year
10/10/2023,BY4236745,FR95,6.375,15/08/2028,98.578,6.721,05_year
11/10/2023,BY4236745,FR95,6.375,15/08/2028,98.963,6.626,05_year
12/10/2023,BY4236745,FR95,6.375,15/08/2028,99.079,6.598,05_year
13/10/2023,BY4236745,FR95,6.375,15/08/2028,99.152,6.58,05_year
16/10/2023,BY4236745,FR95,6.375,15/08/2028,99.08,6.598,05_year
17/10/2023,BY4236745,FR95,6.375,15/08/2028,98.907,6.641,05_year
18/10/2023,BY4236745,FR95,6.375,15/08/2028,98.756,6.678,05_year
19/10/2023,BY4236745,FR95,6.375,15/08/2028,98.208,6.815,05_year
20/10/2023,BY4236745,FR95,6.375,15/08/2028,97.616,6.964,05_year
23/10/2023,BY4236745,FR95,6.375,15/08/2028,97.003,7.119,05_year
24/10/2023,BY4236745,FR95,6.375,15/08/2028,97.061,7.104,05_year
25/10/2023,BY4236745,FR95,6.375,15/08/2028,97.152,7.082,05_year
26/10/2023,BY4236745,FR95,6.375,15/08/2028,96.988,7.124,05_year
27/10/2023,BY4236745,FR95,6.375,15/08/2028,97.281,7.05,05_year
30/10/2023,BY4236745,FR95,6.375,15/08/2028,97.346,7.034,05_year
31/10/2023,BY4236745,FR95,6.375,15/08/2028,97.488,6.998,05_year
01/11/2023,BY4236745,FR95,6.375,15/08/2028,97.6,6.97,05_year
02/11/2023,BY4236745,FR95,6.375,15/08/2028,97.934,6.887,05_year
03/11/2023,BY4236745,FR95,6.375,15/08/2028,98.286,6.798,05_year
06/11/2023,BY4236745,FR95,6.375,15/08/2028,98.848,6.658,05_year
07/11/2023,BY4236745,FR95,6.375,15/08/2028,98.761,6.68,05_year
08/11/2023,BY4236745,FR95,6.375,15/08/2028,98.698,6.695,05_year
09/11/2023,BY4236745,FR95,6.375,15/08/2028,98.712,6.692,05_year
10/11/2023,BY4236745,FR95,6.375,15/08/2028,98.194,6.823,05_year
13/11/2023,BY4236745,FR95,6.375,15/08/2028,98.038,6.863,05_year
14/11/2023,BY4236745,FR95,6.375,15/08/2028,97.921,6.893,05_year
15/11/2023,BY4236745,FR95,6.375,15/08/2028,98.589,6.724,05_year
16/11/2023,BY4236745,FR95,6.375,15/08/2028,98.766,6.68,05_year
17/11/2023,BY4236745,FR95,6.375,15/08/2028,99.106,6.595,05_year
20/11/2023,BY4236745,FR95,6.375,15/08/2028,99.172,6.578,05_year
21/11/2023,BY4236745,FR95,6.375,15/08/2028,99.134,6.588,05_year
22/11/2023,BY4236745,FR95,6.375,15/08/2028,99.057,6.607,05_year
23/11/2023,BY4236745,FR95,6.375,15/08/2028,99.003,6.621,05_year
24/11/2023,BY4236745,FR95,6.375,15/08/2028,98.967,6.631,05_year
27/11/2023,BY4236745,FR95,6.375,15/08/2028,98.828,6.666,05_year
28/11/2023,BY4236745,FR95,6.375,15/08/2028,98.856,6.659,05_year
29/11/2023,BY4236745,FR95,6.375,15/08/2028,99.123,6.592,05_year
30/11/2023,BY4236745,FR95,6.375,15/08/2028,98.986,6.627,05_year
01/12/2023,BY4236745,FR95,6.375,15/08/2028,99.078,6.603,05_year
04/12/2023,BY4236745,FR95,6.375,15/08/2028,99.393,6.524,05_year
05/12/2023,BY4236745,FR95,6.375,15/08/2028,99.371,6.53,05_year
06/12/2023,BY4236745,FR95,6.375,15/08/2028,99.445,6.511,05_year
07/12/2023,BY4236745,FR95,6.375,15/08/2028,99.483,6.502,05_year
08/12/2023,BY4236745,FR95,6.375,15/08/2028,99.434,6.514,05_year
11/12/2023,BY4236745,FR95,6.375,15/08/2028,99.141,6.589,05_year
12/12/2023,BY4236745,FR95,6.375,15/08/2028,99.069,6.607,05_year
13/12/2023,BY4236745,FR95,6.375,15/08/2028,98.902,6.649,05_year
14/12/2023,BY4236745,FR95,6.375,15/08/2028,99.483,6.503,05_year
15/12/2023,BY4236745,FR95,6.375,15/08/2028,99.532,6.49,05_year
18/12/2023,BY4236745,FR95,6.375,15/08/2028,99.53,6.491,05_year
19/12/2023,BY4236745,FR95,6.375,15/08/2028,99.489,6.501,05_year
20/12/2023,BY4236745,FR95,6.375,15/08/2028,99.524,6.493,05_year
21/12/2023,BY4236745,FR95,6.375,15/08/2028,99.762,6.433,05_year
22/12/2023,BY4236745,FR95,6.375,15/08/2028,99.742,6.438,05_year
25/12/2023,BY4236745,FR95,6.375,15/08/2028,,,05_year
26/12/2023,BY4236745,FR95,6.375,15/08/2028,,,05_year
27/12/2023,BY4236745,FR95,6.375,15/08/2028,99.741,6.438,05_year
28/12/2023,BY4236745,FR95,6.375,15/08/2028,99.822,6.418,05_year
29/12/2023,BY4236745,FR95,6.375,15/08/2028,99.889,6.401,05_year
02/01/2024,ZH8062890,FR101,6.875,15/04/2029,101.538,6.523,05_year
03/01/2024,ZH8062890,FR101,6.875,15/04/2029,101.202,6.598,05_year
04/01/2024,ZH8062890,FR101,6.875,15/04/2029,101.29,6.578,05_year
05/01/2024,ZH8062890,FR101,6.875,15/04/2029,101.122,6.616,05_year
08/01/2024,ZH8062890,FR101,6.875,15/04/2029,101.157,6.608,05_year
09/01/2024,ZH8062890,FR101,6.875,15/04/2029,101.19,6.6,05_year
10/01/2024,ZH8062890,FR101,6.875,15/04/2029,101.248,6.587,05_year
11/01/2024,ZH8062890,FR101,6.875,15/04/2029,101.514,6.527,05_year
12/01/2024,ZH8062890,FR101,6.875,15/04/2029,101.628,6.501,05_year
15/01/2024,ZH8062890,FR101,6.875,15/04/2029,101.667,6.492,05_year
16/01/2024,ZH8062890,FR101,6.875,15/04/2029,101.703,6.483,05_year
17/01/2024,ZH8062890,FR101,6.875,15/04/2029,101.609,6.504,05_year
18/01/2024,ZH8062890,FR101,6.875,15/04/2029,101.751,6.472,05_year
19/01/2024,ZH8062890,FR101,6.875,15/04/2029,101.851,6.449,05_year
22/01/2024,ZH8062890,FR101,6.875,15/04/2029,102.0,6.415,05_year
23/01/2024,ZH8062890,FR101,6.875,15/04/2029,101.862,6.446,05_year
24/01/2024,ZH8062890,FR101,6.875,15/04/2029,101.757,6.47,05_year
25/01/2024,ZH8062890,FR101,6.875,15/04/2029,101.434,6.543,05_year
26/01/2024,ZH8062890,FR101,6.875,15/04/2029,101.452,6.538,05_year
29/01/2024,ZH8062890,FR101,6.875,15/04/2029,101.495,6.529,05_year
30/01/2024,ZH8062890,FR101,6.875,15/04/2029,101.628,6.498,05_year
31/01/2024,ZH8062890,FR101,6.875,15/04/2029,101.69,6.484,05_year
01/02/2024,ZH8062890,FR101,6.875,15/04/2029,101.879,6.44,05_year
02/02/2024,ZH8062890,FR101,6.875,15/04/2029,102.013,6.41,05_year
05/02/2024,ZH8062890,FR101,6.875,15/04/2029,101.55,6.515,05_year
06/02/2024,ZH8062890,FR101,6.875,15/04/2029,101.571,6.51,05_year
07/02/2024,ZH8062890,FR101,6.875,15/04/2029,101.623,6.497,05_year
08/02/2024,ZH8062890,FR101,6.875,15/04/2029,,,05_year
09/02/2024,ZH8062890,FR101,6.875,15/04/2029,,,05_year
12/02/2024,ZH8062890,FR101,6.875,15/04/2029,101.586,6.506,05_year
13/02/2024,ZH8062890,FR101,6.875,15/04/2029,101.628,6.496,05_year
14/02/2024,ZH8062890,FR101,6.875,15/04/2029,,,05_year
15/02/2024,ZH8062890,FR101,6.875,15/04/2029,101.592,6.504,05_year
16/02/2024,ZH8062890,FR101,6.875,15/04/2029,101.574,6.508,05_year
19/02/2024,ZH8062890,FR101,6.875,15/04/2029,101.602,6.501,05_year
20/02/2024,ZH8062890,FR101,6.875,15/04/2029,101.583,6.505,05_year
21/02/2024,ZH8062890,FR101,6.875,15/04/2029,101.649,6.49,05_year
22/02/2024,ZH8062890,FR101,6.875,15/04/2029,101.699,6.478,05_year
23/02/2024,ZH8062890,FR101,6.875,15/04/2029,101.704,6.477,05_year
26/02/2024,ZH8062890,FR101,6.875,15/04/2029,101.687,6.481,05_year
27/02/2024,ZH8062890,FR101,6.875,15/04/2029,101.739,6.469,05_year
28/02/2024,ZH8062890,FR101,6.875,15/04/2029,101.764,6.463,05_year
29/02/2024,ZH8062890,FR101,6.875,15/04/2029,101.738,6.468,05_year
01/03/2024,ZH8062890,FR101,6.875,15/04/2029,101.708,6.475,05_year
04/03/2024,ZH8062890,FR101,6.875,15/04/2029,101.693,6.478,05_year
05/03/2024,ZH8062890,FR101,6.875,15/04/2029,101.621,6.495,05_year
06/03/2024,ZH8062890,FR101,6.875,15/04/2029,101.696,6.477,05_year
07/03/2024,ZH8062890,FR101,6.875,15/04/2029,101.666,6.484,05_year
08/03/2024,ZH8062890,FR101,6.875,15/04/2029,101.756,6.463,05_year
11/03/2024,ZH8062890,FR101,6.875,15/04/2029,,,05_year
12/03/2024,ZH8062890,FR101,6.875,15/04/2029,,,05_year
13/03/2024,ZH8062890,FR101,6.875,15/04/2029,101.623,6.493,05_year
14/03/2024,ZH8062890,FR101,6.875,15/04/2029,101.576,6.504,05_year
15/03/2024,ZH8062890,FR101,6.875,15/04/2029,101.525,6.516,05_year
18/03/2024,ZH8062890,FR101,6.875,15/04/2029,101.55,6.51,05_year
19/03/2024,ZH8062890,FR101,6.875,15/04/2029,101.52,6.517,05_year
20/03/2024,ZH8062890,FR101,6.875,15/04/2029,101.576,6.503,05_year
21/03/2024,ZH8062890,FR101,6.875,15/04/2029,101.58,6.502,05_year
22/03/2024,ZH8062890,FR101,6.875,15/04/2029,101.551,6.509,05_year
25/03/2024,ZH8062890,FR101,6.875,15/04/2029,101.465,6.529,05_year
26/03/2024,ZH8062890,FR101,6.875,15/04/2029,101.276,6.573,05_year
27/03/2024,ZH8062890,FR101,6.875,15/04/2029,101.126,6.608,05_year
28/03/2024,ZH8062890,FR101,6.875,15/04/2029,101.253,6.578,05_year
29/03/2024,ZH8062890,FR101,6.875,15/04/2029,,,05_year
01/04/2024,ZH8062890,FR101,6.875,15/04/2029,101.343,6.557,05_year
02/04/2024,ZH8062890,FR101,6.875,15/04/2029,101.288,6.569,05_year
03/04/2024,ZH8062890,FR101,6.875,15/04/2029,101.259,6.576,05_year
04/04/2024,ZH8062890,FR101,6.875,15/04/2029,101.305,6.564,05_year
05/04/2024,ZH8062890,FR101,6.875,15/04/2029,101.345,6.555,05_year
08/04/2024,ZH8062890,FR101,6.875,15/04/2029,,,05_year
09/04/2024,ZH8062890,FR101,6.875,15/04/2029,,,05_year
10/04/2024,ZH8062890,FR101,6.875,15/04/2029,,,05_year
11/04/2024,ZH8062890,FR101,6.875,15/04/2029,,,05_year
12/04/2024,ZH8062890,FR101,6.875,15/04/2029,,,05_year
15/04/2024,ZH8062890,FR101,6.875,15/04/2029,,,05_year
16/04/2024,ZH8062890,FR101,6.875,15/04/2029,100.218,6.823,05_year
17/04/2024,ZH8062890,FR101,6.875,15/04/2029,99.853,6.91,05_year
18/04/2024,ZH8062890,FR101,6.875,15/04/2029,100.029,6.868,05_year
19/04/2024,ZH8062890,FR101,6.875,15/04/2029,99.56,6.981,05_year
22/04/2024,ZH8062890,FR101,6.875,15/04/2029,99.46,7.005,05_year
23/04/2024,ZH8062890,FR101,6.875,15/04/2029,99.534,6.987,05_year
24/04/2024,ZH8062890,FR101,6.875,15/04/2029,99.462,7.004,05_year
25/04/2024,ZH8062890,FR101,6.875,15/04/2029,99.304,7.043,05_year
26/04/2024,ZH8062890,FR101,6.875,15/04/2029,99.147,7.081,05_year
29/04/2024,ZH8062890,FR101,6.875,15/04/2029,98.963,7.126,05_year
30/04/2024,ZH8062890,FR101,6.875,15/04/2029,98.944,7.131,05_year
01/05/2024,ZH8062890,FR101,6.875,15/04/2029,,,05_year
02/05/2024,ZH8062890,FR101,6.875,15/04/2029,99.28,7.049,05_year
03/05/2024,ZH8062890,FR101,6.875,15/04/2029,99.78,6.927,05_year
06/05/2024,ZH8062890,FR101,6.875,15/04/2029,100.021,6.868,05_year
07/05/2024,ZH8062890,FR101,6.875,15/04/2029,99.948,6.886,05_year
08/05/2024,ZH8062890,FR101,6.875,15/04/2029,99.836,6.913,05_year
09/05/2024,ZH8062890,FR101,6.875,15/04/2029,,,05_year
10/05/2024,ZH8062890,FR101,6.875,15/04/2029,,,05_year
13/05/2024,ZH8062890,FR101,6.875,15/04/2029,99.765,6.93,05_year
14/05/2024,ZH8062890,FR101,6.875,15/04/2029,99.655,6.957,05_year
15/05/2024,ZH8062890,FR101,6.875,15/04/2029,99.747,6.935,05_year
16/05/2024,ZH8062890,FR101,6.875,15/04/2029,100.197,6.825,05_year
17/05/2024,ZH8062890,FR101,6.875,15/04/2029,100.202,6.824,05_year
20/05/2024,ZH8062890,FR101,6.875,15/04/2029,100.213,6.821,05_year
21/05/2024,ZH8062890,FR101,6.875,15/04/2029,100.058,6.858,05_year
22/05/2024,ZH8062890,FR101,6.875,15/04/2029,100.23,6.816,05_year
23/05/2024,ZH8062890,FR101,6.875,15/04/2029,,,05_year
24/05/2024,ZH8062890,FR101,6.875,15/04/2029,,,05_year
27/05/2024,ZH8062890,FR101,6.875,15/04/2029,100.04,6.863,05_year
28/05/2024,ZH8062890,FR101,6.875,15/04/2029,100.09,6.85,05_year
29/05/2024,ZH8062890,FR101,6.875,15/04/2029,99.955,6.883,05_year
30/05/2024,ZH8062890,FR101,6.875,15/04/2029,99.865,6.905,05_year
31/05/2024,ZH8062890,FR101,6.875,15/04/2029,100.034,6.864,05_year
03/06/2024,ZH8062890,FR101,6.875,15/04/2029,100.158,6.833,05_year
04/06/2024,ZH8062890,FR101,6.875,15/04/2029,100.227,6.816,05_year
05/06/2024,ZH8062890,FR101,6.875,15/04/2029,100.143,6.837,05_year
06/06/2024,ZH8062890,FR101,6.875,15/04/2029,100.172,6.83,05_year
07/06/2024,ZH8062890,FR101,6.875,15/04/2029,100.194,6.824,05_year
10/06/2024,ZH8062890,FR101,6.875,15/04/2029,99.874,6.903,05_year
11/06/2024,ZH8062890,FR101,6.875,15/04/2029,99.745,6.935,05_year
12/06/2024,ZH8062890,FR101,6.875,15/04/2029,99.723,6.94,05_year
13/06/2024,ZH8062890,FR101,6.875,15/04/2029,99.893,6.898,05_year
14/06/2024,ZH8062890,FR101,6.875,15/04/2029,99.231,7.063,05_year
17/06/2024,ZH8062890,FR101,6.875,15/04/2029,,,05_year
18/06/2024,ZH8062890,FR101,6.875,15/04/2029,,,05_year
19/06/2024,ZH8062890,FR101,6.875,15/04/2029,99.494,6.997,05_year
20/06/2024,ZH8062890,FR101,6.875,15/04/2029,99.449,7.008,05_year
21/06/2024,ZH8062890,FR101,6.875,15/04/2029,99.435,7.012,05_year
24/06/2024,ZH8062890,FR101,6.875,15/04/2029,99.536,6.987,05_year
25/06/2024,ZH8062890,FR101,6.875,15/04/2029,99.67,6.954,05_year
26/06/2024,ZH8062890,FR101,6.875,15/04/2029,99.635,6.962,05_year
27/06/2024,ZH8062890,FR101,6.875,15/04/2029,99.637,6.962,05_year
28/06/2024,ZH8062890,FR101,6.875,15/04/2029,99.748,6.934,05_year
01/07/2024,ZH8062890,FR101,6.875,15/04/2029,99.739,6.936,05_year
02/07/2024,ZH8062890,FR101,6.875,15/04/2029,99.643,6.96,05_year
03/07/2024,ZH8062890,FR101,6.875,15/04/2029,99.678,6.952,05_year
04/07/2024,ZH8062890,FR101,6.875,15/04/2029,99.739,6.937,05_year
05/07/2024,ZH8062890,FR101,6.875,15/04/2029,99.798,6.922,05_year
08/07/2024,ZH8062890,FR101,6.875,15/04/2029,99.976,6.877,05_year
09/07/2024,ZH8062890,FR101,6.875,15/04/2029,99.868,6.904,05_year
10/07/2024,ZH8062890,FR101,6.875,15/04/2029,99.934,6.888,05_year
11/07/2024,ZH8062890,FR101,6.875,15/04/2029,100.017,6.867,05_year
12/07/2024,ZH8062890,FR101,6.875,15/04/2029,100.197,6.822,05_year
15/07/2024,ZH8062890,FR101,6.875,15/04/2029,100.123,6.841,05_year
16/07/2024,ZH8062890,FR101,6.875,15/04/2029,100.208,6.819,05_year
17/07/2024,ZH8062890,FR101,6.875,15/04/2029,100.306,6.795,05_year
18/07/2024,ZH8062890,FR101,6.875,15/04/2029,100.294,6.798,05_year
19/07/2024,ZH8062890,FR101,6.875,15/04/2029,100.234,6.813,05_year
22/07/2024,ZH8062890,FR101,6.875,15/04/2029,100.014,6.868,05_year
23/07/2024,ZH8062890,FR101,6.875,15/04/2029,100.1,6.846,05_year
24/07/2024,ZH8062890,FR101,6.875,15/04/2029,100.232,6.813,05_year
25/07/2024,ZH8062890,FR101,6.875,15/04/2029,100.367,6.779,05_year
26/07/2024,ZH8062890,FR101,6.875,15/04/2029,100.415,6.767,05_year
29/07/2024,ZH8062890,FR101,6.875,15/04/2029,100.595,6.722,05_year
30/07/2024,ZH8062890,FR101,6.875,15/04/2029,100.579,6.726,05_year
31/07/2024,ZH8062890,FR101,6.875,15/04/2029,100.659,6.706,05_year
01/08/2024,ZH8062890,FR101,6.875,15/04/2029,100.773,6.677,05_year
02/08/2024,ZH8062890,FR101,6.875,15/04/2029,100.78,6.675,05_year
05/08/2024,ZH8062890,FR101,6.875,15/04/2029,100.982,6.625,05_year
06/08/2024,ZH8062890,FR101,6.875,15/04/2029,100.89,6.648,05_year
07/08/2024,ZH8062890,FR101,6.875,15/04/2029,100.883,6.649,05_year
08/08/2024,ZH8062890,FR101,6.875,15/04/2029,101.09,6.597,05_year
09/08/2024,ZH8062890,FR101,6.875,15/04/2029,101.096,6.595,05_year
12/08/2024,ZH8062890,FR101,6.875,15/04/2029,100.992,6.621,05_year
13/08/2024,ZH8062890,FR101,6.875,15/04/2029,101.036,6.61,05_year
14/08/2024,ZH8062890,FR101,6.875,15/04/2029,101.149,6.582,05_year
15/08/2024,ZH8062890,FR101,6.875,15/04/2029,101.282,6.548,05_year
16/08/2024,ZH8062890,FR101,6.875,15/04/2029,101.219,6.564,05_year
19/08/2024,ZH8062890,FR101,6.875,15/04/2029,101.409,6.516,05_year
20/08/2024,ZH8062890,FR101,6.875,15/04/2029,101.575,6.474,05_year
21/08/2024,ZH8062890,FR101,6.875,15/04/2029,101.587,6.471,05_year
22/08/2024,ZH8062890,FR101,6.875,15/04/2029,101.431,6.51,05_year
23/08/2024,ZH8062890,FR101,6.875,15/04/2029,101.425,6.511,05_year
26/08/2024,ZH8062890,FR101,6.875,15/04/2029,101.529,6.485,05_year
27/08/2024,ZH8062890,FR101,6.875,15/04/2029,101.476,6.498,05_year
28/08/2024,ZH8062890,FR101,6.875,15/04/2029,101.46,6.502,05_year
29/08/2024,ZH8062890,FR101,6.875,15/04/2029,101.485,6.495,05_year
30/08/2024,ZH8062890,FR101,6.875,15/04/2029,101.472,6.498,05_year
02/09/2024,ZH8062890,FR101,6.875,15/04/2029,101.388,6.519,05_year
03/09/2024,ZH8062890,FR101,6.875,15/04/2029,101.286,6.545,05_year
04/09/2024,ZH8062890,FR101,6.875,15/04/2029,101.287,6.545,05_year
05/09/2024,ZH8062890,FR101,6.875,15/04/2029,101.421,6.51,05_year
06/09/2024,ZH8062890,FR101,6.875,15/04/2029,101.548,6.478,05_year
09/09/2024,ZH8062890,FR101,6.875,15/04/2029,101.542,6.479,05_year
10/09/2024,ZH8062890,FR101,6.875,15/04/2029,101.535,6.481,05_year
11/09/2024,ZH8062890,FR101,6.875,15/04/2029,101.602,6.464,05_year
12/09/2024,ZH8062890,FR101,6.875,15/04/2029,101.566,6.472,05_year
13/09/2024,ZH8062890,FR101,6.875,15/04/2029,101.695,6.44,05_year
16/09/2024,ZH8062890,FR101,6.875,15/04/2029,,,05_year
17/09/2024,ZH8062890,FR101,6.875,15/04/2029,101.775,6.419,05_year
18/09/2024,ZH8062890,FR101,6.875,15/04/2029,101.917,6.383,05_year
19/09/2024,ZH8062890,FR101,6.875,15/04/2029,102.338,6.276,05_year
20/09/2024,ZH8062890,FR101,6.875,15/04/2029,102.647,6.198,05_year
23/09/2024,ZH8062890,FR101,6.875,15/04/2029,102.726,6.178,05_year
24/09/2024,ZH8062890,FR101,6.875,15/04/2029,102.693,6.186,05_year
25/09/2024,ZH8062890,FR101,6.875,15/04/2029,102.858,6.144,05_year
26/09/2024,ZH8062890,FR101,6.875,15/04/2029,102.72,6.178,05_year
27/09/2024,ZH8062890,FR101,6.875,15/04/2029,102.823,6.152,05_year
30/09/2024,ZH8062890,FR101,6.875,15/04/2029,102.81,6.155,05_year
01/10/2024,ZH8062890,FR101,6.875,15/04/2029,102.696,6.183,05_year
02/10/2024,ZH8062890,FR101,6.875,15/04/2029,102.488,6.235,05_year
03/10/2024,ZH8062890,FR101,6.875,15/04/2029,102.024,6.352,05_year
04/10/2024,ZH8062890,FR101,6.875,15/04/2029,101.962,6.368,05_year
07/10/2024,ZH8062890,FR101,6.875,15/04/2029,101.249,6.551,05_year
08/10/2024,ZH8062890,FR101,6.875,15/04/2029,101.467,6.494,05_year
09/10/2024,ZH8062890,FR101,6.875,15/04/2029,101.81,6.406,05_year
10/10/2024,ZH8062890,FR101,6.875,15/04/2029,101.759,6.419,05_year
11/10/2024,ZH8062890,FR101,6.875,15/04/2029,101.788,6.411,05_year
14/10/2024,ZH8062890,FR101,6.875,15/04/2029,101.878,6.388,05_year
15/10/2024,ZH8062890,FR101,6.875,15/04/2029,101.824,6.401,05_year
16/10/2024,ZH8062890,FR101,6.875,15/04/2029,101.864,6.391,05_year
17/10/2024,ZH8062890,FR101,6.875,15/04/2029,101.874,6.387,05_year
18/10/2024,ZH8062890,FR101,6.875,15/04/2029,101.854,6.392,05_year
21/10/2024,ZH8062890,FR101,6.875,15/04/2029,101.903,6.379,05_year
22/10/2024,ZH8062890,FR101,6.875,15/04/2029,101.405,6.507,05_year
23/10/2024,ZH8062890,FR101,6.875,15/04/2029,101.217,6.556,05_year
24/10/2024,ZH8062890,FR101,6.875,15/04/2029,101.261,6.544,05_year
25/10/2024,ZH8062890,FR101,6.875,15/04/2029,101.242,6.548,05_year
28/10/2024,ZH8062890,FR101,6.875,15/04/2029,101.003,6.61,05_year
29/10/2024,ZH8062890,FR101,6.875,15/04/2029,100.704,6.689,05_year
30/10/2024,ZH8062890,FR101,6.875,15/04/2029,100.831,6.655,05_year
31/10/2024,ZH8062890,FR101,6.875,15/04/2029,100.834,6.654,05_year
01/11/2024,ZH8062890,FR101,6.875,15/04/2029,100.791,6.665,05_year
04/11/2024,ZH8062890,FR101,6.875,15/04/2029,100.867,6.645,05_year
05/11/2024,ZH8062890,FR101,6.875,15/04/2029,100.894,6.637,05_year
06/11/2024,ZH8062890,FR101,6.875,15/04/2029,100.546,6.729,05_year
07/11/2024,ZH8062890,FR101,6.875,15/04/2029,100.693,6.69,05_year
08/11/2024,ZH8062890,FR101,6.875,15/04/2029,101.227,6.549,05_year
11/11/2024,ZH8062890,FR101,6.875,15/04/2029,101.401,6.503,05_year
12/11/2024,ZH8062890,FR101,6.875,15/04/2029,101.135,6.573,05_year
13/11/2024,ZH8062890,FR101,6.875,15/04/2029,100.867,6.643,05_year
14/11/2024,ZH8062890,FR101,6.875,15/04/2029,100.67,6.695,05_year
15/11/2024,ZH8062890,FR101,6.875,15/04/2029,100.705,6.685,05_year
18/11/2024,ZH8062890,FR101,6.875,15/04/2029,100.671,6.694,05_year
19/11/2024,ZH8062890,FR101,6.875,15/04/2029,100.757,6.671,05_year
20/11/2024,ZH8062890,FR101,6.875,15/04/2029,100.727,6.679,05_year
21/11/2024,ZH8062890,FR101,6.875,15/04/2029,100.637,6.702,05_year
22/11/2024,ZH8062890,FR101,6.875,15/04/2029,100.56,6.723,05_year
25/11/2024,ZH8062890,FR101,6.875,15/04/2029,100.521,6.733,05_year
26/11/2024,ZH8062890,FR101,6.875,15/04/2029,100.34,6.781,05_year
27/11/2024,ZH8062890,FR101,6.875,15/04/2029,,,05_year
28/11/2024,ZH8062890,FR101,6.875,15/04/2029,100.342,6.78,05_year
29/11/2024,ZH8062890,FR101,6.875,15/04/2029,100.547,6.725,05_year
02/12/2024,ZH8062890,FR101,6.875,15/04/2029,100.508,6.736,05_year
03/12/2024,ZH8062890,FR101,6.875,15/04/2029,100.436,6.755,05_year
04/12/2024,ZH8062890,FR101,6.875,15/04/2029,100.328,6.784,05_year
05/12/2024,ZH8062890,FR101,6.875,15/04/2029,100.2,6.818,05_year
06/12/2024,ZH8062890,FR101,6.875,15/04/2029,100.164,6.827,05_year
09/12/2024,ZH8062890,FR101,6.875,15/04/2029,100.157,6.829,05_year
10/12/2024,ZH8062890,FR101,6.875,15/04/2029,100.079,6.85,05_year
11/12/2024,ZH8062890,FR101,6.875,15/04/2029,100.028,6.864,05_year
12/12/2024,ZH8062890,FR101,6.875,15/04/2029,100.019,6.866,05_year
13/12/2024,ZH8062890,FR101,6.875,15/04/2029,99.925,6.892,05_year
16/12/2024,ZH8062890,FR101,6.875,15/04/2029,99.894,6.9,05_year
17/12/2024,ZH8062890,FR101,6.875,15/04/2029,99.762,6.936,05_year
18/12/2024,ZH8062890,FR101,6.875,15/04/2029,99.739,6.942,05_year
19/12/2024,ZH8062890,FR101,6.875,15/04/2029,99.619,6.975,05_year
20/12/2024,ZH8062890,FR101,6.875,15/04/2029,99.52,7.002,05_year
23/12/2024,ZH8062890,FR101,6.875,15/04/2029,99.528,7.0,05_year
24/12/2024,ZH8062890,FR101,6.875,15/04/2029,99.563,6.991,05_year
25/12/2024,ZH8062890,FR101,6.875,15/04/2029,,,05_year
26/12/2024,ZH8062890,FR101,6.875,15/04/2029,,,05_year
27/12/2024,ZH8062890,FR101,6.875,15/04/2029,99.584,6.985,05_year
30/12/2024,ZH8062890,FR101,6.875,15/04/2029,99.546,6.996,05_year
31/12/2024,ZH8062890,FR101,6.875,15/04/2029,99.574,6.988,05_year
02/01/2025,YV1931588,FR104,6.5,15/07/2030,97.888,6.967,05_year
03/01/2025,YV1931588,FR104,6.5,15/07/2030,97.988,6.944,05_year
06/01/2025,YV1931588,FR104,6.5,15/07/2030,97.929,6.958,05_year
07/01/2025,YV1931588,FR104,6.5,15/07/2030,97.644,7.022,05_year
08/01/2025,YV1931588,FR104,6.5,15/07/2030,97.435,7.069,05_year
09/01/2025,YV1931588,FR104,6.5,15/07/2030,97.365,7.086,05_year
10/01/2025,YV1931588,FR104,6.5,15/07/2030,97.429,7.072,05_year
13/01/2025,YV1931588,FR104,6.5,15/07/2030,97.191,7.126,05_year
14/01/2025,YV1931588,FR104,6.5,15/07/2030,97.213,7.121,05_year
15/01/2025,YV1931588,FR104,6.5,15/07/2030,97.58,7.039,05_year
16/01/2025,YV1931588,FR104,6.5,15/07/2030,97.95,6.956,05_year
17/01/2025,YV1931588,FR104,6.5,15/07/2030,98.104,6.921,05_year
20/01/2025,YV1931588,FR104,6.5,15/07/2030,98.107,6.92,05_year
21/01/2025,YV1931588,FR104,6.5,15/07/2030,98.266,6.885,05_year
22/01/2025,YV1931588,FR104,6.5,15/07/2030,98.342,6.868,05_year
23/01/2025,YV1931588,FR104,6.5,15/07/2030,98.331,6.871,05_year
24/01/2025,YV1931588,FR104,6.5,15/07/2030,98.731,6.781,05_year
27/01/2025,YV1931588,FR104,6.5,15/07/2030,,,05_year
28/01/2025,YV1931588,FR104,6.5,15/07/2030,,,05_year
29/01/2025,YV1931588,FR104,6.5,15/07/2030,,,05_year
30/01/2025,YV1931588,FR104,6.5,15/07/2030,98.561,6.82,05_year
31/01/2025,YV1931588,FR104,6.5,15/07/2030,98.48,6.838,05_year
03/02/2025,YV1931588,FR104,6.5,15/07/2030,98.31,6.876,05_year
04/02/2025,YV1931588,FR104,6.5,15/07/2030,98.685,6.792,05_year
05/02/2025,YV1931588,FR104,6.5,15/07/2030,99.021,6.717,05_year
06/02/2025,YV1931588,FR104,6.5,15/07/2030,99.185,6.68,05_year
07/02/2025,YV1931588,FR104,6.5,15/07/2030,99.45,6.621,05_year
10/02/2025,YV1931588,FR104,6.5,15/07/2030,99.553,6.598,05_year
11/02/2025,YV1931588,FR104,6.5,15/07/2030,99.592,6.589,05_year
12/02/2025,YV1931588,FR104,6.5,15/07/2030,99.533,6.602,05_year
13/02/2025,YV1931588,FR104,6.5,15/07/2030,99.491,6.612,05_year
14/02/2025,YV1931588,FR104,6.5,15/07/2030,99.776,6.548,05_year
17/02/2025,YV1931588,FR104,6.5,15/07/2030,99.843,6.533,05_year
18/02/2025,YV1931588,FR104,6.5,15/07/2030,99.942,6.511,05_year
19/02/2025,YV1931588,FR104,6.5,15/07/2030,99.753,6.553,05_year
20/02/2025,YV1931588,FR104,6.5,15/07/2030,99.888,6.523,05_year
21/02/2025,YV1931588,FR104,6.5,15/07/2030,99.923,6.515,05_year
24/02/2025,YV1931588,FR104,6.5,15/07/2030,99.848,6.532,05_year
25/02/2025,YV1931588,FR104,6.5,15/07/2030,99.374,6.638,05_year
26/02/2025,YV1931588,FR104,6.5,15/07/2030,99.321,6.65,05_year
27/02/2025,YV1931588,FR104,6.5,15/07/2030,98.927,6.739,05_year
28/02/2025,YV1931588,FR104,6.5,15/07/2030,98.975,6.728,05_year
03/03/2025,YV1931588,FR104,6.5,15/07/2030,99.159,6.687,05_year
04/03/2025,YV1931588,FR104,6.5,15/07/2030,99.5,6.61,05_year
05/03/2025,YV1931588,FR104,6.5,15/07/2030,99.557,6.597,05_year
06/03/2025,YV1931588,FR104,6.5,15/07/2030,99.31,6.653,05_year
07/03/2025,YV1931588,FR104,6.5,15/07/2030,99.333,6.648,05_year
10/03/2025,YV1931588,FR104,6.5,15/07/2030,99.263,6.664,05_year
11/03/2025,YV1931588,FR104,6.5,15/07/2030,99.137,6.692,05_year
12/03/2025,YV1931588,FR104,6.5,15/07/2030,99.077,6.706,05_year
13/03/2025,YV1931588,FR104,6.5,15/07/2030,99.002,6.723,05_year
14/03/2025,YV1931588,FR104,6.5,15/07/2030,99.173,6.684,05_year
17/03/2025,YV1931588,FR104,6.5,15/07/2030,99.184,6.682,05_year
18/03/2025,YV1931588,FR104,6.5,15/07/2030,99.156,6.688,05_year
19/03/2025,YV1931588,FR104,6.5,15/07/2030,98.811,6.767,05_year
20/03/2025,YV1931588,FR104,6.5,15/07/2030,98.804,6.769,05_year
21/03/2025,YV1931588,FR104,6.5,15/07/2030,98.332,6.877,05_year
24/03/2025,YV1931588,FR104,6.5,15/07/2030,98.15,6.919,05_year
25/03/2025,YV1931588,FR104,6.5,15/07/2030,97.955,6.965,05_year
26/03/2025,YV1931588,FR104,6.5,15/07/2030,98.687,6.797,05_year
27/03/2025,YV1931588,FR104,6.5,15/07/2030,98.963,6.734,05_year
28/03/2025,YV1931588,FR104,6.5,15/07/2030,,,05_year
31/03/2025,YV1931588,FR104,6.5,15/07/2030,,,05_year
01/04/2025,YV1931588,FR104,6.5,15/07/2030,,,05_year
02/04/2025,YV1931588,FR104,6.5,15/07/2030,,,05_year
03/04/2025,YV1931588,FR104,6.5,15/07/2030,,,05_year
04/04/2025,YV1931588,FR104,6.5,15/07/2030,,,05_year
07/04/2025,YV1931588,FR104,6.5,15/07/2030,,,05_year
08/04/2025,YV1931588,FR104,6.5,15/07/2030,98.534,6.833,05_year
09/04/2025,YV1931588,FR104,6.5,15/07/2030,98.172,6.917,05_year
10/04/2025,YV1931588,FR104,6.5,15/07/2030,98.646,6.808,05_year
11/04/2025,YV1931588,FR104,6.5,15/07/2030,98.482,6.846,05_year
14/04/2025,YV1931588,FR104,6.5,15/07/2030,98.58,6.823,05_year
15/04/2025,YV1931588,FR104,6.5,15/07/2030,98.726,6.79,05_year
16/04/2025,YV1931588,FR104,6.5,15/07/2030,98.791,6.775,05_year
17/04/2025,YV1931588,FR104,6.5,15/07/2030,98.749,6.785,05_year
18/04/2025,YV1931588,FR104,6.5,15/07/2030,,,05_year
21/04/2025,YV1931588,FR104,6.5,15/07/2030,98.777,6.779,05_year
22/04/2025,YV1931588,FR104,6.5,15/07/2030,98.991,6.729,05_year
23/04/2025,YV1931588,FR104,6.5,15/07/2030,99.261,6.667,05_year
24/04/2025,YV1931588,FR104,6.5,15/07/2030,99.281,6.662,05_year
25/04/2025,YV1931588,FR104,6.5,15/07/2030,99.632,6.582,05_year
28/04/2025,YV1931588,FR104,6.5,15/07/2030,99.634,6.581,05_year
29/04/2025,YV1931588,FR104,6.5,15/07/2030,99.625,6.583,05_year
30/04/2025,YV1931588,FR104,6.5,15/07/2030,99.56,6.598,05_year
01/05/2025,YV1931588,FR104,6.5,15/07/2030,,,05_year
02/05/2025,YV1931588,FR104,6.5,15/07/2030,99.564,6.598,05_year
05/05/2025,YV1931588,FR104,6.5,15/07/2030,99.518,6.608,05_year
06/05/2025,YV1931588,FR104,6.5,15/07/2030,99.702,6.566,05_year
07/05/2025,YV1931588,FR104,6.5,15/07/2030,99.771,6.55,05_year
08/05/2025,YV1931588,FR104,6.5,15/07/2030,99.745,6.556,05_year
09/05/2025,YV1931588,FR104,6.5,15/07/2030,99.791,6.546,05_year
12/05/2025,YV1931588,FR104,6.5,15/07/2030,,,05_year
13/05/2025,YV1931588,FR104,6.5,15/07/2030,,,05_year
14/05/2025,YV1931588,FR104,6.5,15/07/2030,99.575,6.596,05_year
15/05/2025,YV1931588,FR104,6.5,15/07/2030,99.651,6.578,05_year
16/05/2025,YV1931588,FR104,6.5,15/07/2030,99.954,6.508,05_year
19/05/2025,YV1931588,FR104,6.5,15/07/2030,100.012,6.495,05_year
20/05/2025,YV1931588,FR104,6.5,15/07/2030,100.167,6.459,05_year
21/05/2025,YV1931588,FR104,6.5,15/07/2030,100.201,6.451,05_year
22/05/2025,YV1931588,FR104,6.5,15/07/2030,100.067,6.482,05_year
23/05/2025,YV1931588,FR104,6.5,15/07/2030,100.349,6.417,05_year
26/05/2025,YV1931588,FR104,6.5,15/07/2030,100.469,6.389,05_year
27/05/2025,YV1931588,FR104,6.5,15/07/2030,100.34,6.419,05_year
28/05/2025,YV1931588,FR104,6.5,15/07/2030,100.323,6.423,05_year
29/05/2025,YV1931588,FR104,6.5,15/07/2030,,,05_year
30/05/2025,YV1931588,FR104,6.5,15/07/2030,,,05_year
02/06/2025,YV1931588,FR104,6.5,15/07/2030,100.222,6.446,05_year
03/06/2025,YV1931588,FR104,6.5,15/07/2030,100.294,6.43,05_year
04/06/2025,YV1931588,FR104,6.5,15/07/2030,100.421,6.4,05_year
05/06/2025,YV1931588,FR104,6.5,15/07/2030,100.685,6.339,05_year
06/06/2025,YV1931588,FR104,6.5,15/07/2030,,,05_year
09/06/2025,YV1931588,FR104,6.5,15/07/2030,,,05_year
10/06/2025,YV1931588,FR104,6.5,15/07/2030,100.727,6.329,05_year
11/06/2025,YV1931588,FR104,6.5,15/07/2030,100.779,6.317,05_year
12/06/2025,YV1931588,FR104,6.5,15/07/2030,100.925,6.283,05_year
13/06/2025,YV1931588,FR104,6.5,15/07/2030,100.758,6.322,05_year
16/06/2025,YV1931588,FR104,6.5,15/07/2030,100.72,6.33,05_year
17/06/2025,YV1931588,FR104,6.5,15/07/2030,100.709,6.333,05_year
18/06/2025,YV1931588,FR104,6.5,15/07/2030,100.683,6.339,05_year
19/06/2025,YV1931588,FR104,6.5,15/07/2030,100.518,6.377,05_year
20/06/2025,YV1931588,FR104,6.5,15/07/2030,100.437,6.396,05_year
23/06/2025,YV1931588,FR104,6.5,15/07/2030,100.232,6.444,05_year
24/06/2025,YV1931588,FR104,6.5,15/07/2030,100.706,6.333,05_year
25/06/2025,YV1931588,FR104,6.5,15/07/2030,100.815,6.308,05_year
26/06/2025,YV1931588,FR104,6.5,15/07/2030,100.888,6.291,05_year
27/06/2025,YV1931588,FR104,6.5,15/07/2030,,,05_year
30/06/2025,YV1931588,FR104,6.5,15/07/2030,100.884,6.292,05_year
01/07/2025,YV1931588,FR104,6.5,15/07/2030,101.107,6.24,05_year
02/07/2025,YV1931588,FR104,6.5,15/07/2030,101.097,6.242,05_year
03/07/2025,YV1931588,FR104,6.5,15/07/2030,101.161,6.227,05_year
04/07/2025,YV1931588,FR104,6.5,15/07/2030,101.247,6.207,05_year
07/07/2025,YV1931588,FR104,6.5,15/07/2030,101.278,6.199,05_year
08/07/2025,YV1931588,FR104,6.5,15/07/2030,101.224,6.212,05_year
09/07/2025,YV1931588,FR104,6.5,15/07/2030,101.285,6.198,05_year
10/07/2025,YV1931588,FR104,6.5,15/07/2030,101.391,6.173,05_year
11/07/2025,YV1931588,FR104,6.5,15/07/2030,101.381,6.175,05_year
14/07/2025,YV1931588,FR104,6.5,15/07/2030,101.364,6.179,05_year
15/07/2025,YV1931588,FR104,6.5,15/07/2030,101.612,6.12,05_year
16/07/2025,YV1931588,FR104,6.5,15/07/2030,101.544,6.136,05_year
17/07/2025,YV1931588,FR104,6.5,15/07/2030,101.465,6.154,05_year
18/07/2025,YV1931588,FR104,6.5,15/07/2030,101.647,6.111,05_year
21/07/2025,YV1931588,FR104,6.5,15/07/2030,101.857,6.062,05_year
22/07/2025,YV1931588,FR104,6.5,15/07/2030,101.965,6.036,05_year
23/07/2025,YV1931588,FR104,6.5,15/07/2030,101.955,6.038,05_year
24/07/2025,YV1931588,FR104,6.5,15/07/2030,101.885,6.054,05_year
25/07/2025,YV1931588,FR104,6.5,15/07/2030,101.853,6.061,05_year
28/07/2025,YV1931588,FR104,6.5,15/07/2030,101.694,6.098,05_year
29/07/2025,YV1931588,FR104,6.5,15/07/2030,101.677,6.102,05_year
30/07/2025,YV1931588,FR104,6.5,15/07/2030,101.671,6.103,05_year
31/07/2025,YV1931588,FR104,6.5,15/07/2030,101.461,6.152,05_year
01/08/2025,YV1931588,FR104,6.5,15/07/2030,101.385,6.169,05_year
04/08/2025,YV1931588,FR104,6.5,15/07/2030,101.767,6.079,05_year
05/08/2025,YV1931588,FR104,6.5,15/07/2030,101.831,6.064,05_year
06/08/2025,YV1931588,FR104,6.5,15/07/2030,101.947,6.037,05_year
07/08/2025,YV1931588,FR104,6.5,15/07/2030,102.244,5.966,05_year
08/08/2025,YV1931588,FR104,6.5,15/07/2030,102.353,5.94,05_year
11/08/2025,YV1931588,FR104,6.5,15/07/2030,102.355,5.94,05_year
12/08/2025,YV1931588,FR104,6.5,15/07/2030,102.443,5.919,05_year
13/08/2025,YV1931588,FR104,6.5,15/07/2030,102.724,5.853,05_year
14/08/2025,YV1931588,FR104,6.5,15/07/2030,102.73,5.85,05_year
15/08/2025,YV1931588,FR104,6.5,15/07/2030,102.603,5.879,05_year
18/08/2025,YV1931588,FR104,6.5,15/07/2030,,,05_year
19/08/2025,YV1931588,FR104,6.5,15/07/2030,102.482,5.907,05_year
20/08/2025,YV1931588,FR104,6.5,15/07/2030,102.768,5.84,05_year
21/08/2025,YV1931588,FR104,6.5,15/07/2030,102.957,5.795,05_year
22/08/2025,YV1931588,FR104,6.5,15/07/2030,102.905,5.807,05_year
25/08/2025,YV1931588,FR104,6.5,15/07/2030,103.193,5.739,05_year
26/08/2025,YV1931588,FR104,6.5,15/07/2030,103.28,5.718,05_year
27/08/2025,YV1931588,FR104,6.5,15/07/2030,103.439,5.681,05_year
28/08/2025,YV1931588,FR104,6.5,15/07/2030,103.68,5.624,05_year
29/08/2025,YV1931588,FR104,6.5,15/07/2030,103.266,5.72,05_year
01/09/2025,YV1931588,FR104,6.5,15/07/2030,103.113,5.755,05_year
02/09/2025,YV1931588,FR104,6.5,15/07/2030,103.283,5.715,05_year
03/09/2025,YV1931588,FR104,6.5,15/07/2030,103.202,5.732,05_year
04/09/2025,YV1931588,FR104,6.5,15/07/2030,103.292,5.711,05_year
05/09/2025,YV1931588,FR104,6.5,15/07/2030,,,05_year
08/09/2025,YV1931588,FR104,6.5,15/07/2030,103.27,5.715,05_year
09/09/2025,YV1931588,FR104,6.5,15/07/2030,102.836,5.817,05_year
10/09/2025,YV1931588,FR104,6.5,15/07/2030,103.153,5.742,05_year
11/09/2025,YV1931588,FR104,6.5,15/07/2030,103.486,5.663,05_year
12/09/2025,YV1931588,FR104,6.5,15/07/2030,103.755,5.599,05_year
15/09/2025,YV1931588,FR104,6.5,15/07/2030,103.782,5.593,05_year
16/09/2025,YV1931588,FR104,6.5,15/07/2030,103.907,5.563,05_year
17/09/2025,YV1931588,FR104,6.5,15/07/2030,104.496,5.425,05_year
18/09/2025,YV1931588,FR104,6.5,15/07/2030,104.898,5.33,05_year
19/09/2025,YV1931588,FR104,6.5,15/07/2030,104.77,5.359,05_year
22/09/2025,YV1931588,FR104,6.5,15/07/2030,104.535,5.413,05_year
23/09/2025,YV1931588,FR104,6.5,15/07/2030,104.495,5.422,05_year
24/09/2025,YV1931588,FR104,6.5,15/07/2030,104.166,5.498,05_year
25/09/2025,YV1931588,FR104,6.5,15/07/2030,104.027,5.53,05_year
26/09/2025,YV1931588,FR104,6.5,15/07/2030,103.981,5.54,05_year
29/09/2025,YV1931588,FR104,6.5,15/07/2030,104.239,5.479,05_year
30/09/2025,YV1931588,FR104,6.5,15/07/2030,104.089,5.514,05_year
01/10/2025,YV1931588,FR104,6.5,15/07/2030,104.219,5.483,05_year
02/10/2025,YV1931588,FR104,6.5,15/07/2030,104.35,5.45,05_year
03/10/2025,YV1931588,FR104,6.5,15/07/2030,104.399,5.438,05_year
06/10/2025,YV1931588,FR104,6.5,15/07/2030,104.42,5.433,05_year
07/10/2025,YV1931588,FR104,6.5,15/07/2030,104.483,5.418,05_year
08/10/2025,YV1931588,FR104,6.5,15/07/2030,104.564,5.398,05_year
09/10/2025,YV1931588,FR104,6.5,15/07/2030,104.704,5.364,05_year
10/10/2025,YV1931588,FR104,6.5,15/07/2030,104.727,5.358,05_year
13/10/2025,YV1931588,FR104,6.5,15/07/2030,104.751,5.351,05_year
14/10/2025,YV1931588,FR104,6.5,15/07/2030,104.872,5.323,05_year
15/10/2025,YV1931588,FR104,6.5,15/07/2030,104.946,5.305,05_year
16/10/2025,YV1931588,FR104,6.5,15/07/2030,104.918,5.309,05_year
17/10/2025,YV1931588,FR104,6.5,15/07/2030,104.857,5.323,05_year
20/10/2025,YV1931588,FR104,6.5,15/07/2030,104.837,5.327,05_year
21/10/2025,YV1931588,FR104,6.5,15/07/2030,104.907,5.31,05_year
22/10/2025,YV1931588,FR104,6.5,15/07/2030,104.719,5.354,05_year
23/10/2025,YV1931588,FR104,6.5,15/07/2030,104.59,5.383,05_year
24/10/2025,YV1931588,FR104,6.5,15/07/2030,104.606,5.378,05_year
27/10/2025,YV1931588,FR104,6.5,15/07/2030,104.566,5.387,05_year
28/10/2025,YV1931588,FR104,6.5,15/07/2030,104.571,5.386,05_year
29/10/2025,YV1931588,FR104,6.5,15/07/2030,104.601,5.378,05_year
30/10/2025,YV1931588,FR104,6.5,15/07/2030,104.39,5.426,05_year
31/10/2025,YV1931588,FR104,6.5,15/07/2030,104.335,5.439,05_year
03/11/2025,YV1931588,FR104,6.5,15/07/2030,104.012,5.515,05_year
04/11/2025,YV1931588,FR104,6.5,15/07/2030,104.095,5.495,05_year
05/11/2025,YV1931588,FR104,6.5,15/07/2030,104.033,5.509,05_year
06/11/2025,YV1931588,FR104,6.5,15/07/2030,104.0,5.516,05_year
07/11/2025,YV1931588,FR104,6.5,15/07/2030,,,05_year
10/11/2025,YV1931588,FR104,6.5,15/07/2030,,,05_year
11/11/2025,YV1931588,FR104,6.5,15/07/2030,,,05_year
12/11/2025,YV1931588,FR104,6.5,15/07/2030,104.25,5.454,05_year
13/11/2025,YV1931588,FR104,6.5,15/07/2030,104.333,5.433,05_year
14/11/2025,YV1931588,FR104,6.5,15/07/2030,104.367,5.424,05_year
17/11/2025,YV1931588,FR104,6.5,15/07/2030,,,05_year
18/11/2025,YV1931588,FR104,6.5,15/07/2030,104.358,5.425,05_year
19/11/2025,YV1931588,FR104,6.5,15/07/2030,104.384,5.418,05_year
20/11/2025,YV1931588,FR104,6.5,15/07/2030,104.302,5.437,05_year
21/11/2025,YV1931588,FR104,6.5,15/07/2030,103.892,5.535,05_year
24/11/2025,YV1931588,FR104,6.5,15/07/2030,103.417,5.65,05_year
25/11/2025,YV1931588,FR104,6.5,15/07/2030,103.501,5.629,05_year
26/11/2025,YV1931588,FR104,6.5,15/07/2030,103.317,5.673,05_year
27/11/2025,YV1931588,FR104,6.5,15/07/2030,103.084,5.729,05_year
28/11/2025,YV1931588,FR104,6.5,15/07/2030,102.672,5.83,05_year
01/12/2025,YV1931588,FR104,6.5,15/07/2030,102.85,5.786,05_year
02/12/2025,YV1931588,FR104,6.5,15/07/2030,103.059,5.734,05_year
03/12/2025,YV1931588,FR104,6.5,15/07/2030,103.475,5.632,05_year
04/12/2025,YV1931588,FR104,6.5,15/07/2030,103.525,5.618,05_year
05/12/2025,YV1931588,FR104,6.5,15/07/2030,103.4,5.649,05_year
08/12/2025,YV1931588,FR104,6.5,15/07/2030,103.5,5.624,05_year
09/12/2025,YV1931588,FR104,6.5,15/07/2030,,,05_year
10/12/2025,YV1931588,FR104,6.5,15/07/2030,103.45,5.635,05_year
11/12/2025,YV1931588,FR104,6.5,15/07/2030,103.583,5.601,05_year
12/12/2025,YV1931588,FR104,6.5,15/07/2030,103.508,5.619,05_year
02/01/2023,BY4236786,FR96,7.0,15/02/2033,100.403,6.942,10_year
03/01/2023,BY4236786,FR96,7.0,15/02/2033,99.552,7.061,10_year
04/01/2023,BY4236786,FR96,7.0,15/02/2033,99.849,7.02,10_year
05/01/2023,BY4236786,FR96,7.0,15/02/2033,100.152,6.977,10_year
06/01/2023,BY4236786,FR96,7.0,15/02/2033,100.273,6.961,10_year
09/01/2023,BY4236786,FR96,7.0,15/02/2033,100.805,6.887,10_year
10/01/2023,BY4236786,FR96,7.0,15/02/2033,101.249,6.826,10_year
11/01/2023,BY4236786,FR96,7.0,15/02/2033,101.5,6.791,10_year
12/01/2023,BY4236786,FR96,7.0,15/02/2033,101.937,6.731,10_year
13/01/2023,BY4236786,FR96,7.0,15/02/2033,102.426,6.665,10_year
16/01/2023,BY4236786,FR96,7.0,15/02/2033,101.95,6.729,10_year
17/01/2023,BY4236786,FR96,7.0,15/02/2033,101.896,6.737,10_year
18/01/2023,BY4236786,FR96,7.0,15/02/2033,102.183,6.698,10_year
19/01/2023,BY4236786,FR96,7.0,15/02/2033,102.766,6.618,10_year
20/01/2023,BY4236786,FR96,7.0,15/02/2033,102.824,6.61,10_year
23/01/2023,BY4236786,FR96,7.0,15/02/2033,,,10_year
24/01/2023,BY4236786,FR96,7.0,15/02/2033,102.861,6.605,10_year
25/01/2023,BY4236786,FR96,7.0,15/02/2033,102.592,6.642,10_year
26/01/2023,BY4236786,FR96,7.0,15/02/2033,102.444,6.662,10_year
27/01/2023,BY4236786,FR96,7.0,15/02/2033,102.032,6.718,10_year
30/01/2023,BY4236786,FR96,7.0,15/02/2033,101.889,6.737,10_year
31/01/2023,BY4236786,FR96,7.0,15/02/2033,102.229,6.691,10_year
01/02/2023,BY4236786,FR96,7.0,15/02/2033,102.582,6.643,10_year
02/02/2023,BY4236786,FR96,7.0,15/02/2033,103.106,6.572,10_year
03/02/2023,BY4236786,FR96,7.0,15/02/2033,103.429,6.528,10_year
06/02/2023,BY4236786,FR96,7.0,15/02/2033,102.416,6.665,10_year
07/02/2023,BY4236786,FR96,7.0,15/02/2033,102.185,6.697,10_year
08/02/2023,BY4236786,FR96,7.0,15/02/2033,102.673,6.63,10_year
09/02/2023,BY4236786,FR96,7.0,15/02/2033,102.883,6.602,10_year
10/02/2023,BY4236786,FR96,7.0,15/02/2033,102.5,6.654,10_year
13/02/2023,BY4236786,FR96,7.0,15/02/2033,102.025,6.719,10_year
14/02/2023,BY4236786,FR96,7.0,15/02/2033,102.133,6.704,10_year
15/02/2023,BY4236786,FR96,7.0,15/02/2033,101.882,6.738,10_year
16/02/2023,BY4236786,FR96,7.0,15/02/2033,102.311,6.679,10_year
17/02/2023,BY4236786,FR96,7.0,15/02/2033,102.045,6.715,10_year
20/02/2023,BY4236786,FR96,7.0,15/02/2033,102.164,6.699,10_year
21/02/2023,BY4236786,FR96,7.0,15/02/2033,101.958,6.727,10_year
22/02/2023,BY4236786,FR96,7.0,15/02/2033,101.768,6.753,10_year
23/02/2023,BY4236786,FR96,7.0,15/02/2033,101.664,6.767,10_year
24/02/2023,BY4236786,FR96,7.0,15/02/2033,101.562,6.781,10_year
27/02/2023,BY4236786,FR96,7.0,15/02/2033,101.062,6.851,10_year
28/02/2023,BY4236786,FR96,7.0,15/02/2033,100.873,6.877,10_year
01/03/2023,BY4236786,FR96,7.0,15/02/2033,101.118,6.843,10_year
02/03/2023,BY4236786,FR96,7.0,15/02/2033,100.409,6.942,10_year
03/03/2023,BY4236786,FR96,7.0,15/02/2033,100.252,6.964,10_year
06/03/2023,BY4236786,FR96,7.0,15/02/2033,100.608,6.914,10_year
07/03/2023,BY4236786,FR96,7.0,15/02/2033,100.254,6.963,10_year
08/03/2023,BY4236786,FR96,7.0,15/02/2033,99.762,7.033,10_year
09/03/2023,BY4236786,FR96,7.0,15/02/2033,100.066,6.99,10_year
10/03/2023,BY4236786,FR96,7.0,15/02/2033,100.473,6.932,10_year
13/03/2023,BY4236786,FR96,7.0,15/02/2033,101.273,6.82,10_year
14/03/2023,BY4236786,FR96,7.0,15/02/2033,102.03,6.715,10_year
15/03/2023,BY4236786,FR96,7.0,15/02/2033,101.776,6.75,10_year
16/03/2023,BY4236786,FR96,7.0,15/02/2033,100.472,6.932,10_year
17/03/2023,BY4236786,FR96,7.0,15/02/2033,100.867,6.877,10_year
20/03/2023,BY4236786,FR96,7.0,15/02/2033,100.857,6.878,10_year
21/03/2023,BY4236786,FR96,7.0,15/02/2033,100.868,6.876,10_year
22/03/2023,BY4236786,FR96,7.0,15/02/2033,,,10_year
23/03/2023,BY4236786,FR96,7.0,15/02/2033,,,10_year
24/03/2023,BY4236786,FR96,7.0,15/02/2033,101.499,6.788,10_year
27/03/2023,BY4236786,FR96,7.0,15/02/2033,101.748,6.753,10_year
28/03/2023,BY4236786,FR96,7.0,15/02/2033,101.594,6.775,10_year
29/03/2023,BY4236786,FR96,7.0,15/02/2033,101.404,6.801,10_year
30/03/2023,BY4236786,FR96,7.0,15/02/2033,101.421,6.798,10_year
31/03/2023,BY4236786,FR96,7.0,15/02/2033,101.616,6.771,10_year
03/04/2023,BY4236786,FR96,7.0,15/02/2033,101.719,6.757,10_year
04/04/2023,BY4236786,FR96,7.0,15/02/2033,102.085,6.706,10_year
05/04/2023,BY4236786,FR96,7.0,15/02/2033,102.287,6.678,10_year
06/04/2023,BY4236786,FR96,7.0,15/02/2033,102.496,6.649,10_year
07/04/2023,BY4236786,FR96,7.0,15/02/2033,,,10_year
10/04/2023,BY4236786,FR96,7.0,15/02/2033,102.45,6.655,10_year
11/04/2023,BY4236786,FR96,7.0,15/02/2033,102.584,6.637,10_year
12/04/2023,BY4236786,FR96,7.0,15/02/2033,102.612,6.633,10_year
13/04/2023,BY4236786,FR96,7.0,15/02/2033,102.8,6.606,10_year
14/04/2023,BY4236786,FR96,7.0,15/02/2033,102.645,6.628,10_year
17/04/2023,BY4236786,FR96,7.0,15/02/2033,102.536,6.642,10_year
18/04/2023,BY4236786,FR96,7.0,15/02/2033,102.501,6.647,10_year
19/04/2023,BY4236786,FR96,7.0,15/02/2033,,,10_year
20/04/2023,BY4236786,FR96,7.0,15/02/2033,,,10_year
21/04/2023,BY4236786,FR96,7.0,15/02/2033,,,10_year
24/04/2023,BY4236786,FR96,7.0,15/02/2033,,,10_year
25/04/2023,BY4236786,FR96,7.0,15/02/2033,,,10_year
26/04/2023,BY4236786,FR96,7.0,15/02/2033,103.512,6.508,10_year
27/04/2023,BY4236786,FR96,7.0,15/02/2033,103.439,6.517,10_year
28/04/2023,BY4236786,FR96,7.0,15/02/2033,103.477,6.512,10_year
01/05/2023,BY4236786,FR96,7.0,15/02/2033,,,10_year
02/05/2023,BY4236786,FR96,7.0,15/02/2033,103.538,6.504,10_year
03/05/2023,BY4236786,FR96,7.0,15/02/2033,103.872,6.458,10_year
04/05/2023,BY4236786,FR96,7.0,15/02/2033,104.262,6.405,10_year
05/05/2023,BY4236786,FR96,7.0,15/02/2033,104.138,6.421,10_year
08/05/2023,BY4236786,FR96,7.0,15/02/2033,103.821,6.464,10_year
09/05/2023,BY4236786,FR96,7.0,15/02/2033,103.798,6.467,10_year
10/05/2023,BY4236786,FR96,7.0,15/02/2033,103.913,6.452,10_year
11/05/2023,BY4236786,FR96,7.0,15/02/2033,104.397,6.386,10_year
12/05/2023,BY4236786,FR96,7.0,15/02/2033,104.412,6.383,10_year
15/05/2023,BY4236786,FR96,7.0,15/02/2033,104.244,6.406,10_year
16/05/2023,BY4236786,FR96,7.0,15/02/2033,104.295,6.399,10_year
17/05/2023,BY4236786,FR96,7.0,15/02/2033,104.553,6.363,10_year
18/05/2023,BY4236786,FR96,7.0,15/02/2033,,,10_year
19/05/2023,BY4236786,FR96,7.0,15/02/2033,104.158,6.417,10_year
22/05/2023,BY4236786,FR96,7.0,15/02/2033,104.241,6.406,10_year
23/05/2023,BY4236786,FR96,7.0,15/02/2033,104.167,6.416,10_year
24/05/2023,BY4236786,FR96,7.0,15/02/2033,104.224,6.408,10_year
25/05/2023,BY4236786,FR96,7.0,15/02/2033,104.183,6.413,10_year
26/05/2023,BY4236786,FR96,7.0,15/02/2033,104.197,6.411,10_year
29/05/2023,BY4236786,FR96,7.0,15/02/2033,104.43,6.379,10_year
30/05/2023,BY4236786,FR96,7.0,15/02/2033,104.394,6.383,10_year
31/05/2023,BY4236786,FR96,7.0,15/02/2033,104.578,6.358,10_year
01/06/2023,BY4236786,FR96,7.0,15/02/2033,,,10_year
02/06/2023,BY4236786,FR96,7.0,15/02/2033,,,10_year
05/06/2023,BY4236786,FR96,7.0,15/02/2033,104.474,6.372,10_year
06/06/2023,BY4236786,FR96,7.0,15/02/2033,104.727,6.338,10_year
07/06/2023,BY4236786,FR96,7.0,15/02/2033,104.864,6.319,10_year
08/06/2023,BY4236786,FR96,7.0,15/02/2033,104.703,6.341,10_year
09/06/2023,BY4236786,FR96,7.0,15/02/2033,104.857,6.32,10_year
12/06/2023,BY4236786,FR96,7.0,15/02/2033,104.985,6.302,10_year
13/06/2023,BY4236786,FR96,7.0,15/02/2033,105.279,6.262,10_year
14/06/2023,BY4236786,FR96,7.0,15/02/2033,105.441,6.24,10_year
15/06/2023,BY4236786,FR96,7.0,15/02/2033,105.167,6.277,10_year
16/06/2023,BY4236786,FR96,7.0,15/02/2033,105.165,6.277,10_year
19/06/2023,BY4236786,FR96,7.0,15/02/2033,104.954,6.305,10_year
20/06/2023,BY4236786,FR96,7.0,15/02/2033,104.856,6.319,10_year
21/06/2023,BY4236786,FR96,7.0,15/02/2033,105.063,6.29,10_year
22/06/2023,BY4236786,FR96,7.0,15/02/2033,105.218,6.269,10_year
23/06/2023,BY4236786,FR96,7.0,15/02/2033,105.147,6.278,10_year
26/06/2023,BY4236786,FR96,7.0,15/02/2033,105.194,6.271,10_year
27/06/2023,BY4236786,FR96,7.0,15/02/2033,105.402,6.243,10_year
28/06/2023,BY4236786,FR96,7.0,15/02/2033,,,10_year
29/06/2023,BY4236786,FR96,7.0,15/02/2033,,,10_year
30/06/2023,BY4236786,FR96,7.0,15/02/2033,,,10_year
03/07/2023,BY4236786,FR96,7.0,15/02/2033,105.561,6.221,10_year
04/07/2023,BY4236786,FR96,7.0,15/02/2033,105.809,6.188,10_year
05/07/2023,BY4236786,FR96,7.0,15/02/2033,106.016,6.16,10_year
06/07/2023,BY4236786,FR96,7.0,15/02/2033,105.85,6.182,10_year
07/07/2023,BY4236786,FR96,7.0,15/02/2033,105.505,6.228,10_year
10/07/2023,BY4236786,FR96,7.0,15/02/2033,105.412,6.241,10_year
11/07/2023,BY4236786,FR96,7.0,15/02/2033,105.704,6.201,10_year
12/07/2023,BY4236786,FR96,7.0,15/02/2033,105.892,6.175,10_year
13/07/2023,BY4236786,FR96,7.0,15/02/2033,106.029,6.157,10_year
14/07/2023,BY4236786,FR96,7.0,15/02/2033,106.008,6.159,10_year
17/07/2023,BY4236786,FR96,7.0,15/02/2033,105.795,6.188,10_year
18/07/2023,BY4236786,FR96,7.0,15/02/2033,105.741,6.195,10_year
19/07/2023,BY4236786,FR96,7.0,15/02/2033,,,10_year
20/07/2023,BY4236786,FR96,7.0,15/02/2033,105.772,6.19,10_year
21/07/2023,BY4236786,FR96,7.0,15/02/2033,105.498,6.227,10_year
24/07/2023,BY4236786,FR96,7.0,15/02/2033,105.546,6.221,10_year
25/07/2023,BY4236786,FR96,7.0,15/02/2033,105.552,6.22,10_year
26/07/2023,BY4236786,FR96,7.0,15/02/2033,105.371,6.244,10_year
27/07/2023,BY4236786,FR96,7.0,15/02/2033,105.505,6.226,10_year
28/07/2023,BY4236786,FR96,7.0,15/02/2033,105.231,6.263,10_year
31/07/2023,BY4236786,FR96,7.0,15/02/2033,105.481,6.229,10_year
01/08/2023,BY4236786,FR96,7.0,15/02/2033,105.514,6.224,10_year
02/08/2023,BY4236786,FR96,7.0,15/02/2033,105.407,6.238,10_year
03/08/2023,BY4236786,FR96,7.0,15/02/2033,105.13,6.276,10_year
04/08/2023,BY4236786,FR96,7.0,15/02/2033,104.743,6.329,10_year
07/08/2023,BY4236786,FR96,7.0,15/02/2033,104.691,6.336,10_year
08/08/2023,BY4236786,FR96,7.0,15/02/2033,104.803,6.32,10_year
09/08/2023,BY4236786,FR96,7.0,15/02/2033,104.887,6.309,10_year
10/08/2023,BY4236786,FR96,7.0,15/02/2033,104.895,6.307,10_year
11/08/2023,BY4236786,FR96,7.0,15/02/2033,104.855,6.313,10_year
14/08/2023,BY4236786,FR96,7.0,15/02/2033,104.462,6.367,10_year
15/08/2023,BY4236786,FR96,7.0,15/02/2033,104.212,6.401,10_year
16/08/2023,BY4236786,FR96,7.0,15/02/2033,104.094,6.417,10_year
17/08/2023,BY4236786,FR96,7.0,15/02/2033,,,10_year
18/08/2023,BY4236786,FR96,7.0,15/02/2033,103.577,6.489,10_year
21/08/2023,BY4236786,FR96,7.0,15/02/2033,102.766,6.602,10_year
22/08/2023,BY4236786,FR96,7.0,15/02/2033,102.498,6.64,10_year
23/08/2023,BY4236786,FR96,7.0,15/02/2033,102.866,6.588,10_year
24/08/2023,BY4236786,FR96,7.0,15/02/2033,103.431,6.508,10_year
25/08/2023,BY4236786,FR96,7.0,15/02/2033,103.458,6.504,10_year
28/08/2023,BY4236786,FR96,7.0,15/02/2033,103.902,6.442,10_year
29/08/2023,BY4236786,FR96,7.0,15/02/2033,104.469,6.363,10_year
30/08/2023,BY4236786,FR96,7.0,15/02/2033,104.512,6.357,10_year
31/08/2023,BY4236786,FR96,7.0,15/02/2033,104.477,6.361,10_year
01/09/2023,BY4236786,FR96,7.0,15/02/2033,104.431,6.368,10_year
04/09/2023,BY4236786,FR96,7.0,15/02/2033,104.486,6.36,10_year
05/09/2023,BY4236786,FR96,7.0,15/02/2033,104.056,6.419,10_year
06/09/2023,BY4236786,FR96,7.0,15/02/2033,103.337,6.52,10_year
07/09/2023,BY4236786,FR96,7.0,15/02/2033,102.974,6.571,10_year
08/09/2023,BY4236786,FR96,7.0,15/02/2033,103.219,6.536,10_year
11/09/2023,BY4236786,FR96,7.0,15/02/2033,102.888,6.583,10_year
12/09/2023,BY4236786,FR96,7.0,15/02/2033,102.575,6.627,10_year
13/09/2023,BY4236786,FR96,7.0,15/02/2033,102.496,6.638,10_year
14/09/2023,BY4236786,FR96,7.0,15/02/2033,102.568,6.628,10_year
15/09/2023,BY4236786,FR96,7.0,15/02/2033,102.281,6.668,10_year
18/09/2023,BY4236786,FR96,7.0,15/02/2033,102.037,6.703,10_year
19/09/2023,BY4236786,FR96,7.0,15/02/2033,101.715,6.749,10_year
20/09/2023,BY4236786,FR96,7.0,15/02/2033,101.846,6.73,10_year
21/09/2023,BY4236786,FR96,7.0,15/02/2033,101.532,6.775,10_year
22/09/2023,BY4236786,FR96,7.0,15/02/2033,101.801,6.737,10_year
25/09/2023,BY4236786,FR96,7.0,15/02/2033,101.705,6.75,10_year
26/09/2023,BY4236786,FR96,7.0,15/02/2033,101.054,6.844,10_year
27/09/2023,BY4236786,FR96,7.0,15/02/2033,100.931,6.862,10_year
28/09/2023,BY4236786,FR96,7.0,15/02/2033,,,10_year
29/09/2023,BY4236786,FR96,7.0,15/02/2033,100.712,6.894,10_year
02/10/2023,BY4236786,FR96,7.0,15/02/2033,100.217,6.966,10_year
03/10/2023,BY4236786,FR96,7.0,15/02/2033,99.953,7.005,10_year
04/10/2023,BY4236786,FR96,7.0,15/02/2033,99.417,7.084,10_year
05/10/2023,BY4236786,FR96,7.0,15/02/2033,99.855,7.02,10_year
06/10/2023,BY4236786,FR96,7.0,15/02/2033,100.038,6.993,10_year
09/10/2023,BY4236786,FR96,7.0,15/02/2033,99.985,7.0,10_year
10/10/2023,BY4236786,FR96,7.0,15/02/2033,100.476,6.928,10_year
11/10/2023,BY4236786,FR96,7.0,15/02/2033,101.548,6.772,10_year
12/10/2023,BY4236786,FR96,7.0,15/02/2033,101.615,6.762,10_year
13/10/2023,BY4236786,FR96,7.0,15/02/2033,,,10_year
16/10/2023,BY4236786,FR96,7.0,15/02/2033,101.746,6.743,10_year
17/10/2023,BY4236786,FR96,7.0,15/02/2033,101.688,6.751,10_year
18/10/2023,BY4236786,FR96,7.0,15/02/2033,100.959,6.857,10_year
19/10/2023,BY4236786,FR96,7.0,15/02/2033,100.973,6.855,10_year
20/10/2023,BY4236786,FR96,7.0,15/02/2033,99.445,7.08,10_year
23/10/2023,BY4236786,FR96,7.0,15/02/2033,,,10_year
24/10/2023,BY4236786,FR96,7.0,15/02/2033,98.5,7.222,10_year
25/10/2023,BY4236786,FR96,7.0,15/02/2033,98.59,7.208,10_year
26/10/2023,BY4236786,FR96,7.0,15/02/2033,98.852,7.169,10_year
27/10/2023,BY4236786,FR96,7.0,15/02/2033,98.619,7.204,10_year
30/10/2023,BY4236786,FR96,7.0,15/02/2033,99.275,7.106,10_year
31/10/2023,BY4236786,FR96,7.0,15/02/2033,99.378,7.09,10_year
01/11/2023,BY4236786,FR96,7.0,15/02/2033,99.614,7.055,10_year
02/11/2023,BY4236786,FR96,7.0,15/02/2033,99.631,7.053,10_year
03/11/2023,BY4236786,FR96,7.0,15/02/2033,101.057,6.842,10_year
06/11/2023,BY4236786,FR96,7.0,15/02/2033,101.094,6.837,10_year
07/11/2023,BY4236786,FR96,7.0,15/02/2033,102.21,6.674,10_year
08/11/2023,BY4236786,FR96,7.0,15/02/2033,101.417,6.789,10_year
09/11/2023,BY4236786,FR96,7.0,15/02/2033,101.574,6.766,10_year
10/11/2023,BY4236786,FR96,7.0,15/02/2033,101.099,6.836,10_year
13/11/2023,BY4236786,FR96,7.0,15/02/2033,,,10_year
14/11/2023,BY4236786,FR96,7.0,15/02/2033,100.434,6.933,10_year
15/11/2023,BY4236786,FR96,7.0,15/02/2033,100.411,6.937,10_year
16/11/2023,BY4236786,FR96,7.0,15/02/2033,,,10_year
17/11/2023,BY4236786,FR96,7.0,15/02/2033,,,10_year
20/11/2023,BY4236786,FR96,7.0,15/02/2033,102.493,6.632,10_year
21/11/2023,BY4236786,FR96,7.0,15/02/2033,102.47,6.636,10_year
22/11/2023,BY4236786,FR96,7.0,15/02/2033,102.425,6.642,10_year
23/11/2023,BY4236786,FR96,7.0,15/02/2033,102.54,6.625,10_year
24/11/2023,BY4236786,FR96,7.0,15/02/2033,102.444,6.639,10_year
27/11/2023,BY4236786,FR96,7.0,15/02/2033,101.99,6.705,10_year
28/11/2023,BY4236786,FR96,7.0,15/02/2033,102.214,6.672,10_year
29/11/2023,BY4236786,FR96,7.0,15/02/2033,102.779,6.591,10_year
30/11/2023,BY4236786,FR96,7.0,15/02/2033,102.673,6.606,10_year
01/12/2023,BY4236786,FR96,7.0,15/02/2033,102.729,6.597,10_year
04/12/2023,BY4236786,FR96,7.0,15/02/2033,102.917,6.57,10_year
05/12/2023,BY4236786,FR96,7.0,15/02/2033,102.892,6.574,10_year
06/12/2023,BY4236786,FR96,7.0,15/02/2033,102.942,6.567,10_year
07/12/2023,BY4236786,FR96,7.0,15/02/2033,102.938,6.567,10_year
08/12/2023,BY4236786,FR96,7.0,15/02/2033,102.869,6.577,10_year
11/12/2023,BY4236786,FR96,7.0,15/02/2033,102.497,6.63,10_year
12/12/2023,BY4236786,FR96,7.0,15/02/2033,102.237,6.668,10_year
13/12/2023,BY4236786,FR96,7.0,15/02/2033,101.754,6.739,10_year
14/12/2023,BY4236786,FR96,7.0,15/02/2033,102.604,6.615,10_year
15/12/2023,BY4236786,FR96,7.0,15/02/2033,103.13,6.539,10_year
18/12/2023,BY4236786,FR96,7.0,15/02/2033,103.429,6.495,10_year
19/12/2023,BY4236786,FR96,7.0,15/02/2033,103.5,6.485,10_year
20/12/2023,BY4236786,FR96,7.0,15/02/2033,103.537,6.48,10_year
21/12/2023,BY4236786,FR96,7.0,15/02/2033,103.557,6.476,10_year
22/12/2023,BY4236786,FR96,7.0,15/02/2033,103.588,6.472,10_year
25/12/2023,BY4236786,FR96,7.0,15/02/2033,,,10_year
26/12/2023,BY4236786,FR96,7.0,15/02/2033,,,10_year
27/12/2023,BY4236786,FR96,7.0,15/02/2033,103.611,6.469,10_year
28/12/2023,BY4236786,FR96,7.0,15/02/2033,103.673,6.459,10_year
29/12/2023,BY4236786,FR96,7.0,15/02/2033,103.708,6.454,10_year
02/01/2024,ZI4194448,FR100,6.625,15/02/2034,100.457,6.561,10_year
03/01/2024,ZI4194448,FR100,6.625,15/02/2034,100.006,6.623,10_year
04/01/2024,ZI4194448,FR100,6.625,15/02/2034,99.907,6.637,10_year
05/01/2024,ZI4194448,FR100,6.625,15/02/2034,99.61,6.677,10_year
08/01/2024,ZI4194448,FR100,6.625,15/02/2034,,,10_year
09/01/2024,ZI4194448,FR100,6.625,15/02/2034,99.405,6.706,10_year
10/01/2024,ZI4194448,FR100,6.625,15/02/2034,99.367,6.711,10_year
11/01/2024,ZI4194448,FR100,6.625,15/02/2034,99.431,6.702,10_year
12/01/2024,ZI4194448,FR100,6.625,15/02/2034,99.824,6.648,10_year
15/01/2024,ZI4194448,FR100,6.625,15/02/2034,99.72,6.663,10_year
16/01/2024,ZI4194448,FR100,6.625,15/02/2034,99.744,6.659,10_year
17/01/2024,ZI4194448,FR100,6.625,15/02/2034,99.611,6.678,10_year
18/01/2024,ZI4194448,FR100,6.625,15/02/2034,99.492,6.694,10_year
19/01/2024,ZI4194448,FR100,6.625,15/02/2034,100.106,6.61,10_year
22/01/2024,ZI4194448,FR100,6.625,15/02/2034,100.279,6.586,10_year
23/01/2024,ZI4194448,FR100,6.625,15/02/2034,100.269,6.587,10_year
24/01/2024,ZI4194448,FR100,6.625,15/02/2034,100.129,6.607,10_year
25/01/2024,ZI4194448,FR100,6.625,15/02/2034,99.887,6.64,10_year
26/01/2024,ZI4194448,FR100,6.625,15/02/2034,99.957,6.63,10_year
29/01/2024,ZI4194448,FR100,6.625,15/02/2034,100.002,6.624,10_year
30/01/2024,ZI4194448,FR100,6.625,15/02/2034,100.203,6.597,10_year
31/01/2024,ZI4194448,FR100,6.625,15/02/2034,100.381,6.572,10_year
01/02/2024,ZI4194448,FR100,6.625,15/02/2034,100.664,6.533,10_year
02/02/2024,ZI4194448,FR100,6.625,15/02/2034,100.753,6.521,10_year
05/02/2024,ZI4194448,FR100,6.625,15/02/2034,100.226,6.594,10_year
06/02/2024,ZI4194448,FR100,6.625,15/02/2034,100.13,6.607,10_year
07/02/2024,ZI4194448,FR100,6.625,15/02/2034,100.179,6.6,10_year
08/02/2024,ZI4194448,FR100,6.625,15/02/2034,,,10_year
09/02/2024,ZI4194448,FR100,6.625,15/02/2034,,,10_year
12/02/2024,ZI4194448,FR100,6.625,15/02/2034,99.909,6.638,10_year
13/02/2024,ZI4194448,FR100,6.625,15/02/2034,99.993,6.626,10_year
14/02/2024,ZI4194448,FR100,6.625,15/02/2034,,,10_year
15/02/2024,ZI4194448,FR100,6.625,15/02/2034,100.029,6.621,10_year
16/02/2024,ZI4194448,FR100,6.625,15/02/2034,100.087,6.613,10_year
19/02/2024,ZI4194448,FR100,6.625,15/02/2034,100.124,6.608,10_year
20/02/2024,ZI4194448,FR100,6.625,15/02/2034,100.128,6.607,10_year
21/02/2024,ZI4194448,FR100,6.625,15/02/2034,100.243,6.591,10_year
22/02/2024,ZI4194448,FR100,6.625,15/02/2034,100.416,6.567,10_year
23/02/2024,ZI4194448,FR100,6.625,15/02/2034,100.483,6.558,10_year
26/02/2024,ZI4194448,FR100,6.625,15/02/2034,100.438,6.564,10_year
27/02/2024,ZI4194448,FR100,6.625,15/02/2034,100.375,6.573,10_year
28/02/2024,ZI4194448,FR100,6.625,15/02/2034,100.247,6.59,10_year
29/02/2024,ZI4194448,FR100,6.625,15/02/2034,100.225,6.593,10_year
01/03/2024,ZI4194448,FR100,6.625,15/02/2034,100.108,6.609,10_year
04/03/2024,ZI4194448,FR100,6.625,15/02/2034,99.948,6.631,10_year
05/03/2024,ZI4194448,FR100,6.625,15/02/2034,99.885,6.64,10_year
06/03/2024,ZI4194448,FR100,6.625,15/02/2034,99.946,6.632,10_year
07/03/2024,ZI4194448,FR100,6.625,15/02/2034,100.022,6.621,10_year
08/03/2024,ZI4194448,FR100,6.625,15/02/2034,100.071,6.614,10_year
11/03/2024,ZI4194448,FR100,6.625,15/02/2034,,,10_year
12/03/2024,ZI4194448,FR100,6.625,15/02/2034,,,10_year
13/03/2024,ZI4194448,FR100,6.625,15/02/2034,100.027,6.62,10_year
14/03/2024,ZI4194448,FR100,6.625,15/02/2034,99.963,6.629,10_year
15/03/2024,ZI4194448,FR100,6.625,15/02/2034,99.907,6.637,10_year
18/03/2024,ZI4194448,FR100,6.625,15/02/2034,99.909,6.637,10_year
19/03/2024,ZI4194448,FR100,6.625,15/02/2034,99.903,6.637,10_year
20/03/2024,ZI4194448,FR100,6.625,15/02/2034,99.882,6.64,10_year
21/03/2024,ZI4194448,FR100,6.625,15/02/2034,100.053,6.616,10_year
22/03/2024,ZI4194448,FR100,6.625,15/02/2034,99.904,6.637,10_year
25/03/2024,ZI4194448,FR100,6.625,15/02/2034,99.812,6.65,10_year
26/03/2024,ZI4194448,FR100,6.625,15/02/2034,99.651,6.672,10_year
27/03/2024,ZI4194448,FR100,6.625,15/02/2034,99.376,6.711,10_year
28/03/2024,ZI4194448,FR100,6.625,15/02/2034,99.506,6.693,10_year
29/03/2024,ZI4194448,FR100,6.625,15/02/2034,,,10_year
01/04/2024,ZI4194448,FR100,6.625,15/02/2034,,,10_year
02/04/2024,ZI4194448,FR100,6.625,15/02/2034,99.679,6.668,10_year
03/04/2024,ZI4194448,FR100,6.625,15/02/2034,99.643,6.673,10_year
04/04/2024,ZI4194448,FR100,6.625,15/02/2034,99.689,6.667,10_year
05/04/2024,ZI4194448,FR100,6.625,15/02/2034,99.782,6.654,10_year
08/04/2024,ZI4194448,FR100,6.625,15/02/2034,,,10_year
09/04/2024,ZI4194448,FR100,6.625,15/02/2034,,,10_year
10/04/2024,ZI4194448,FR100,6.625,15/02/2034,,,10_year
11/04/2024,ZI4194448,FR100,6.625,15/02/2034,,,10_year
12/04/2024,ZI4194448,FR100,6.625,15/02/2034,,,10_year
15/04/2024,ZI4194448,FR100,6.625,15/02/2034,,,10_year
16/04/2024,ZI4194448,FR100,6.625,15/02/2034,98.255,6.87,10_year
17/04/2024,ZI4194448,FR100,6.625,15/02/2034,97.751,6.943,10_year
18/04/2024,ZI4194448,FR100,6.625,15/02/2034,97.816,6.934,10_year
19/04/2024,ZI4194448,FR100,6.625,15/02/2034,97.492,6.98,10_year
22/04/2024,ZI4194448,FR100,6.625,15/02/2034,97.172,7.027,10_year
23/04/2024,ZI4194448,FR100,6.625,15/02/2034,97.051,7.045,10_year
24/04/2024,ZI4194448,FR100,6.625,15/02/2034,97.041,7.046,10_year
25/04/2024,ZI4194448,FR100,6.625,15/02/2034,96.848,7.074,10_year
26/04/2024,ZI4194448,FR100,6.625,15/02/2034,96.259,7.161,10_year
29/04/2024,ZI4194448,FR100,6.625,15/02/2034,95.998,7.2,10_year
30/04/2024,ZI4194448,FR100,6.625,15/02/2034,95.873,7.218,10_year
01/05/2024,ZI4194448,FR100,6.625,15/02/2034,,,10_year
02/05/2024,ZI4194448,FR100,6.625,15/02/2034,96.255,7.162,10_year
03/05/2024,ZI4194448,FR100,6.625,15/02/2034,96.375,7.145,10_year
06/05/2024,ZI4194448,FR100,6.625,15/02/2034,98.209,6.878,10_year
07/05/2024,ZI4194448,FR100,6.625,15/02/2034,98.041,6.902,10_year
08/05/2024,ZI4194448,FR100,6.625,15/02/2034,97.737,6.946,10_year
09/05/2024,ZI4194448,FR100,6.625,15/02/2034,,,10_year
10/05/2024,ZI4194448,FR100,6.625,15/02/2034,,,10_year
13/05/2024,ZI4194448,FR100,6.625,15/02/2034,97.635,6.961,10_year
14/05/2024,ZI4194448,FR100,6.625,15/02/2034,97.36,7.001,10_year
15/05/2024,ZI4194448,FR100,6.625,15/02/2034,97.573,6.97,10_year
16/05/2024,ZI4194448,FR100,6.625,15/02/2034,98.354,6.857,10_year
17/05/2024,ZI4194448,FR100,6.625,15/02/2034,,,10_year
20/05/2024,ZI4194448,FR100,6.625,15/02/2034,,,10_year
21/05/2024,ZI4194448,FR100,6.625,15/02/2034,,,10_year
22/05/2024,ZI4194448,FR100,6.625,15/02/2034,,,10_year
23/05/2024,ZI4194448,FR100,6.625,15/02/2034,,,10_year
24/05/2024,ZI4194448,FR100,6.625,15/02/2034,,,10_year
27/05/2024,ZI4194448,FR100,6.625,15/02/2034,,,10_year
28/05/2024,ZI4194448,FR100,6.625,15/02/2034,,,10_year
29/05/2024,ZI4194448,FR100,6.625,15/02/2034,97.869,6.928,10_year
30/05/2024,ZI4194448,FR100,6.625,15/02/2034,97.756,6.945,10_year
31/05/2024,ZI4194448,FR100,6.625,15/02/2034,98.001,6.909,10_year
03/06/2024,ZI4194448,FR100,6.625,15/02/2034,98.249,6.873,10_year
04/06/2024,ZI4194448,FR100,6.625,15/02/2034,98.332,6.862,10_year
05/06/2024,ZI4194448,FR100,6.625,15/02/2034,98.086,6.897,10_year
06/06/2024,ZI4194448,FR100,6.625,15/02/2034,98.088,6.897,10_year
07/06/2024,ZI4194448,FR100,6.625,15/02/2034,98.183,6.883,10_year
10/06/2024,ZI4194448,FR100,6.625,15/02/2034,97.706,6.953,10_year
11/06/2024,ZI4194448,FR100,6.625,15/02/2034,97.375,7.001,10_year
12/06/2024,ZI4194448,FR100,6.625,15/02/2034,97.301,7.012,10_year
13/06/2024,ZI4194448,FR100,6.625,15/02/2034,97.558,6.975,10_year
14/06/2024,ZI4194448,FR100,6.625,15/02/2034,96.249,7.168,10_year
17/06/2024,ZI4194448,FR100,6.625,15/02/2034,,,10_year
18/06/2024,ZI4194448,FR100,6.625,15/02/2034,,,10_year
19/06/2024,ZI4194448,FR100,6.625,15/02/2034,96.608,7.115,10_year
20/06/2024,ZI4194448,FR100,6.625,15/02/2034,96.576,7.12,10_year
21/06/2024,ZI4194448,FR100,6.625,15/02/2034,96.551,7.124,10_year
24/06/2024,ZI4194448,FR100,6.625,15/02/2034,96.798,7.088,10_year
25/06/2024,ZI4194448,FR100,6.625,15/02/2034,96.884,7.075,10_year
26/06/2024,ZI4194448,FR100,6.625,15/02/2034,96.795,7.088,10_year
27/06/2024,ZI4194448,FR100,6.625,15/02/2034,96.77,7.092,10_year
28/06/2024,ZI4194448,FR100,6.625,15/02/2034,97.093,7.045,10_year
01/07/2024,ZI4194448,FR100,6.625,15/02/2034,97.024,7.055,10_year
02/07/2024,ZI4194448,FR100,6.625,15/02/2034,96.69,7.104,10_year
03/07/2024,ZI4194448,FR100,6.625,15/02/2034,96.777,7.092,10_year
04/07/2024,ZI4194448,FR100,6.625,15/02/2034,96.945,7.067,10_year
05/07/2024,ZI4194448,FR100,6.625,15/02/2034,97.117,7.042,10_year
08/07/2024,ZI4194448,FR100,6.625,15/02/2034,97.333,7.01,10_year
09/07/2024,ZI4194448,FR100,6.625,15/02/2034,97.191,7.031,10_year
10/07/2024,ZI4194448,FR100,6.625,15/02/2034,97.203,7.029,10_year
11/07/2024,ZI4194448,FR100,6.625,15/02/2034,97.512,6.984,10_year
12/07/2024,ZI4194448,FR100,6.625,15/02/2034,97.895,6.928,10_year
15/07/2024,ZI4194448,FR100,6.625,15/02/2034,97.758,6.948,10_year
16/07/2024,ZI4194448,FR100,6.625,15/02/2034,97.795,6.943,10_year
17/07/2024,ZI4194448,FR100,6.625,15/02/2034,98.013,6.911,10_year
18/07/2024,ZI4194448,FR100,6.625,15/02/2034,97.988,6.915,10_year
19/07/2024,ZI4194448,FR100,6.625,15/02/2034,97.844,6.936,10_year
22/07/2024,ZI4194448,FR100,6.625,15/02/2034,97.545,6.98,10_year
23/07/2024,ZI4194448,FR100,6.625,15/02/2034,97.487,6.989,10_year
24/07/2024,ZI4194448,FR100,6.625,15/02/2034,97.491,6.989,10_year
25/07/2024,ZI4194448,FR100,6.625,15/02/2034,97.601,6.973,10_year
26/07/2024,ZI4194448,FR100,6.625,15/02/2034,97.649,6.966,10_year
29/07/2024,ZI4194448,FR100,6.625,15/02/2034,97.874,6.933,10_year
30/07/2024,ZI4194448,FR100,6.625,15/02/2034,97.947,6.922,10_year
31/07/2024,ZI4194448,FR100,6.625,15/02/2034,98.152,6.892,10_year
01/08/2024,ZI4194448,FR100,6.625,15/02/2034,98.291,6.872,10_year
02/08/2024,ZI4194448,FR100,6.625,15/02/2034,98.583,6.829,10_year
05/08/2024,ZI4194448,FR100,6.625,15/02/2034,98.854,6.79,10_year
06/08/2024,ZI4194448,FR100,6.625,15/02/2034,98.803,6.798,10_year
07/08/2024,ZI4194448,FR100,6.625,15/02/2034,98.8,6.798,10_year
08/08/2024,ZI4194448,FR100,6.625,15/02/2034,98.983,6.772,10_year
09/08/2024,ZI4194448,FR100,6.625,15/02/2034,99.065,6.76,10_year
12/08/2024,ZI4194448,FR100,6.625,15/02/2034,98.91,6.782,10_year
13/08/2024,ZI4194448,FR100,6.625,15/02/2034,98.994,6.77,10_year
14/08/2024,ZI4194448,FR100,6.625,15/02/2034,99.206,6.74,10_year
15/08/2024,ZI4194448,FR100,6.625,15/02/2034,99.394,6.712,10_year
16/08/2024,ZI4194448,FR100,6.625,15/02/2034,99.435,6.706,10_year
19/08/2024,ZI4194448,FR100,6.625,15/02/2034,99.668,6.673,10_year
20/08/2024,ZI4194448,FR100,6.625,15/02/2034,100.019,6.622,10_year
21/08/2024,ZI4194448,FR100,6.625,15/02/2034,100.212,6.594,10_year
22/08/2024,ZI4194448,FR100,6.625,15/02/2034,99.964,6.63,10_year
23/08/2024,ZI4194448,FR100,6.625,15/02/2034,99.969,6.629,10_year
26/08/2024,ZI4194448,FR100,6.625,15/02/2034,100.183,6.598,10_year
27/08/2024,ZI4194448,FR100,6.625,15/02/2034,100.012,6.623,10_year
28/08/2024,ZI4194448,FR100,6.625,15/02/2034,100.023,6.621,10_year
29/08/2024,ZI4194448,FR100,6.625,15/02/2034,100.088,6.612,10_year
30/08/2024,ZI4194448,FR100,6.625,15/02/2034,100.025,6.621,10_year
02/09/2024,ZI4194448,FR100,6.625,15/02/2034,99.9,6.639,10_year
03/09/2024,ZI4194448,FR100,6.625,15/02/2034,99.827,6.649,10_year
04/09/2024,ZI4194448,FR100,6.625,15/02/2034,99.8,6.653,10_year
05/09/2024,ZI4194448,FR100,6.625,15/02/2034,100.025,6.62,10_year
06/09/2024,ZI4194448,FR100,6.625,15/02/2034,100.178,6.598,10_year
09/09/2024,ZI4194448,FR100,6.625,15/02/2034,100.102,6.609,10_year
10/09/2024,ZI4194448,FR100,6.625,15/02/2034,100.096,6.61,10_year
11/09/2024,ZI4194448,FR100,6.625,15/02/2034,100.304,6.58,10_year
12/09/2024,ZI4194448,FR100,6.625,15/02/2034,100.292,6.582,10_year
13/09/2024,ZI4194448,FR100,6.625,15/02/2034,100.424,6.563,10_year
16/09/2024,ZI4194448,FR100,6.625,15/02/2034,,,10_year
17/09/2024,ZI4194448,FR100,6.625,15/02/2034,100.482,6.554,10_year
18/09/2024,ZI4194448,FR100,6.625,15/02/2034,100.573,6.541,10_year
19/09/2024,ZI4194448,FR100,6.625,15/02/2034,100.622,6.534,10_year
20/09/2024,ZI4194448,FR100,6.625,15/02/2034,101.392,6.424,10_year
23/09/2024,ZI4194448,FR100,6.625,15/02/2034,101.327,6.433,10_year
24/09/2024,ZI4194448,FR100,6.625,15/02/2034,101.327,6.433,10_year
25/09/2024,ZI4194448,FR100,6.625,15/02/2034,101.37,6.427,10_year
26/09/2024,ZI4194448,FR100,6.625,15/02/2034,101.258,6.443,10_year
27/09/2024,ZI4194448,FR100,6.625,15/02/2034,101.236,6.446,10_year
30/09/2024,ZI4194448,FR100,6.625,15/02/2034,101.303,6.436,10_year
01/10/2024,ZI4194448,FR100,6.625,15/02/2034,101.175,6.454,10_year
02/10/2024,ZI4194448,FR100,6.625,15/02/2034,100.916,6.491,10_year
03/10/2024,ZI4194448,FR100,6.625,15/02/2034,100.765,6.513,10_year
04/10/2024,ZI4194448,FR100,6.625,15/02/2034,99.941,6.632,10_year
07/10/2024,ZI4194448,FR100,6.625,15/02/2034,99.415,6.709,10_year
08/10/2024,ZI4194448,FR100,6.625,15/02/2034,99.298,6.726,10_year
09/10/2024,ZI4194448,FR100,6.625,15/02/2034,99.716,6.665,10_year
10/10/2024,ZI4194448,FR100,6.625,15/02/2034,99.656,6.673,10_year
11/10/2024,ZI4194448,FR100,6.625,15/02/2034,99.694,6.668,10_year
14/10/2024,ZI4194448,FR100,6.625,15/02/2034,99.727,6.663,10_year
15/10/2024,ZI4194448,FR100,6.625,15/02/2034,99.635,6.676,10_year
16/10/2024,ZI4194448,FR100,6.625,15/02/2034,99.752,6.659,10_year
17/10/2024,ZI4194448,FR100,6.625,15/02/2034,99.807,6.651,10_year
18/10/2024,ZI4194448,FR100,6.625,15/02/2034,99.866,6.643,10_year
21/10/2024,ZI4194448,FR100,6.625,15/02/2034,100.006,6.622,10_year
22/10/2024,ZI4194448,FR100,6.625,15/02/2034,99.733,6.662,10_year
23/10/2024,ZI4194448,FR100,6.625,15/02/2034,99.002,6.769,10_year
24/10/2024,ZI4194448,FR100,6.625,15/02/2034,99.207,6.739,10_year
25/10/2024,ZI4194448,FR100,6.625,15/02/2034,99.259,6.732,10_year
28/10/2024,ZI4194448,FR100,6.625,15/02/2034,98.771,6.804,10_year
29/10/2024,ZI4194448,FR100,6.625,15/02/2034,98.512,6.842,10_year
30/10/2024,ZI4194448,FR100,6.625,15/02/2034,98.669,6.819,10_year
31/10/2024,ZI4194448,FR100,6.625,15/02/2034,99.028,6.766,10_year
01/11/2024,ZI4194448,FR100,6.625,15/02/2034,99.071,6.759,10_year
04/11/2024,ZI4194448,FR100,6.625,15/02/2034,99.104,6.755,10_year
05/11/2024,ZI4194448,FR100,6.625,15/02/2034,99.349,6.718,10_year
06/11/2024,ZI4194448,FR100,6.625,15/02/2034,99.177,6.744,10_year
07/11/2024,ZI4194448,FR100,6.625,15/02/2034,99.098,6.756,10_year
08/11/2024,ZI4194448,FR100,6.625,15/02/2034,99.384,6.713,10_year
11/11/2024,ZI4194448,FR100,6.625,15/02/2034,99.337,6.72,10_year
12/11/2024,ZI4194448,FR100,6.625,15/02/2034,98.143,6.898,10_year
13/11/2024,ZI4194448,FR100,6.625,15/02/2034,98.114,6.902,10_year
14/11/2024,ZI4194448,FR100,6.625,15/02/2034,97.937,6.929,10_year
15/11/2024,ZI4194448,FR100,6.625,15/02/2034,98.133,6.9,10_year
18/11/2024,ZI4194448,FR100,6.625,15/02/2034,98.264,6.88,10_year
19/11/2024,ZI4194448,FR100,6.625,15/02/2034,98.37,6.864,10_year
20/11/2024,ZI4194448,FR100,6.625,15/02/2034,98.272,6.879,10_year
21/11/2024,ZI4194448,FR100,6.625,15/02/2034,98.201,6.89,10_year
22/11/2024,ZI4194448,FR100,6.625,15/02/2034,98.161,6.896,10_year
25/11/2024,ZI4194448,FR100,6.625,15/02/2034,98.208,6.889,10_year
26/11/2024,ZI4194448,FR100,6.625,15/02/2034,98.045,6.913,10_year
27/11/2024,ZI4194448,FR100,6.625,15/02/2034,,,10_year
28/11/2024,ZI4194448,FR100,6.625,15/02/2034,98.137,6.9,10_year
29/11/2024,ZI4194448,FR100,6.625,15/02/2034,98.441,6.854,10_year
02/12/2024,ZI4194448,FR100,6.625,15/02/2034,98.449,6.853,10_year
03/12/2024,ZI4194448,FR100,6.625,15/02/2034,98.354,6.867,10_year
04/12/2024,ZI4194448,FR100,6.625,15/02/2034,98.258,6.882,10_year
05/12/2024,ZI4194448,FR100,6.625,15/02/2034,98.225,6.887,10_year
06/12/2024,ZI4194448,FR100,6.625,15/02/2034,98.16,6.897,10_year
09/12/2024,ZI4194448,FR100,6.625,15/02/2034,98.155,6.898,10_year
10/12/2024,ZI4194448,FR100,6.625,15/02/2034,98.088,6.908,10_year
11/12/2024,ZI4194448,FR100,6.625,15/02/2034,98.001,6.921,10_year
12/12/2024,ZI4194448,FR100,6.625,15/02/2034,97.782,6.954,10_year
13/12/2024,ZI4194448,FR100,6.625,15/02/2034,97.467,7.002,10_year
16/12/2024,ZI4194448,FR100,6.625,15/02/2034,97.215,7.041,10_year
17/12/2024,ZI4194448,FR100,6.625,15/02/2034,97.203,7.043,10_year
18/12/2024,ZI4194448,FR100,6.625,15/02/2034,97.255,7.035,10_year
19/12/2024,ZI4194448,FR100,6.625,15/02/2034,97.084,7.061,10_year
20/12/2024,ZI4194448,FR100,6.625,15/02/2034,97.165,7.049,10_year
23/12/2024,ZI4194448,FR100,6.625,15/02/2034,97.346,7.022,10_year
24/12/2024,ZI4194448,FR100,6.625,15/02/2034,97.333,7.024,10_year
25/12/2024,ZI4194448,FR100,6.625,15/02/2034,,,10_year
26/12/2024,ZI4194448,FR100,6.625,15/02/2034,,,10_year
27/12/2024,ZI4194448,FR100,6.625,15/02/2034,97.374,7.018,10_year
30/12/2024,ZI4194448,FR100,6.625,15/02/2034,97.461,7.005,10_year
31/12/2024,ZI4194448,FR100,6.625,15/02/2034,97.701,6.968,10_year
02/01/2025,YW8260831,FR103,6.75,15/07/2035,98.245,6.988,10_year
03/01/2025,YW8260831,FR103,6.75,15/07/2035,98.149,7.001,10_year
06/01/2025,YW8260831,FR103,6.75,15/07/2035,97.876,7.039,10_year
07/01/2025,YW8260831,FR103,6.75,15/07/2035,97.299,7.119,10_year
08/01/2025,YW8260831,FR103,6.75,15/07/2035,97.024,7.157,10_year
09/01/2025,YW8260831,FR103,6.75,15/07/2035,96.862,7.18,10_year
10/01/2025,YW8260831,FR103,6.75,15/07/2035,96.994,7.162,10_year
13/01/2025,YW8260831,FR103,6.75,15/07/2035,96.375,7.249,10_year
14/01/2025,YW8260831,FR103,6.75,15/07/2035,96.329,7.256,10_year
15/01/2025,YW8260831,FR103,6.75,15/07/2035,96.39,7.247,10_year
16/01/2025,YW8260831,FR103,6.75,15/07/2035,97.028,7.158,10_year
17/01/2025,YW8260831,FR103,6.75,15/07/2035,97.306,7.119,10_year
20/01/2025,YW8260831,FR103,6.75,15/07/2035,97.177,7.137,10_year
21/01/2025,YW8260831,FR103,6.75,15/07/2035,97.387,7.108,10_year
22/01/2025,YW8260831,FR103,6.75,15/07/2035,97.63,7.074,10_year
23/01/2025,YW8260831,FR103,6.75,15/07/2035,97.755,7.057,10_year
24/01/2025,YW8260831,FR103,6.75,15/07/2035,97.936,7.031,10_year
27/01/2025,YW8260831,FR103,6.75,15/07/2035,,,10_year
28/01/2025,YW8260831,FR103,6.75,15/07/2035,,,10_year
29/01/2025,YW8260831,FR103,6.75,15/07/2035,,,10_year
30/01/2025,YW8260831,FR103,6.75,15/07/2035,98.505,6.953,10_year
31/01/2025,YW8260831,FR103,6.75,15/07/2035,98.371,6.971,10_year
03/02/2025,YW8260831,FR103,6.75,15/07/2035,97.839,7.045,10_year
04/02/2025,YW8260831,FR103,6.75,15/07/2035,98.167,7.0,10_year
05/02/2025,YW8260831,FR103,6.75,15/07/2035,98.8,6.912,10_year
06/02/2025,YW8260831,FR103,6.75,15/07/2035,99.0,6.885,10_year
07/02/2025,YW8260831,FR103,6.75,15/07/2035,99.223,6.855,10_year
10/02/2025,YW8260831,FR103,6.75,15/07/2035,99.421,6.828,10_year
11/02/2025,YW8260831,FR103,6.75,15/07/2035,99.57,6.807,10_year
12/02/2025,YW8260831,FR103,6.75,15/07/2035,99.479,6.82,10_year
13/02/2025,YW8260831,FR103,6.75,15/07/2035,99.475,6.82,10_year
14/02/2025,YW8260831,FR103,6.75,15/07/2035,99.957,6.755,10_year
17/02/2025,YW8260831,FR103,6.75,15/07/2035,99.914,6.76,10_year
18/02/2025,YW8260831,FR103,6.75,15/07/2035,99.967,6.753,10_year
19/02/2025,YW8260831,FR103,6.75,15/07/2035,99.567,6.808,10_year
20/02/2025,YW8260831,FR103,6.75,15/07/2035,99.828,6.772,10_year
21/02/2025,YW8260831,FR103,6.75,15/07/2035,99.857,6.768,10_year
24/02/2025,YW8260831,FR103,6.75,15/07/2035,99.845,6.77,10_year
25/02/2025,YW8260831,FR103,6.75,15/07/2035,99.294,6.845,10_year
26/02/2025,YW8260831,FR103,6.75,15/07/2035,99.307,6.843,10_year
27/02/2025,YW8260831,FR103,6.75,15/07/2035,98.869,6.903,10_year
28/02/2025,YW8260831,FR103,6.75,15/07/2035,98.922,6.896,10_year
03/03/2025,YW8260831,FR103,6.75,15/07/2035,99.088,6.873,10_year
04/03/2025,YW8260831,FR103,6.75,15/07/2035,99.24,6.852,10_year
05/03/2025,YW8260831,FR103,6.75,15/07/2035,99.277,6.847,10_year
06/03/2025,YW8260831,FR103,6.75,15/07/2035,99.217,6.855,10_year
07/03/2025,YW8260831,FR103,6.75,15/07/2035,99.233,6.853,10_year
10/03/2025,YW8260831,FR103,6.75,15/07/2035,99.154,6.864,10_year
11/03/2025,YW8260831,FR103,6.75,15/07/2035,98.976,6.888,10_year
12/03/2025,YW8260831,FR103,6.75,15/07/2035,98.831,6.908,10_year
13/03/2025,YW8260831,FR103,6.75,15/07/2035,98.678,6.93,10_year
14/03/2025,YW8260831,FR103,6.75,15/07/2035,98.518,6.952,10_year
17/03/2025,YW8260831,FR103,6.75,15/07/2035,98.376,6.971,10_year
18/03/2025,YW8260831,FR103,6.75,15/07/2035,98.101,7.01,10_year
19/03/2025,YW8260831,FR103,6.75,15/07/2035,97.627,7.076,10_year
20/03/2025,YW8260831,FR103,6.75,15/07/2035,97.519,7.091,10_year
21/03/2025,YW8260831,FR103,6.75,15/07/2035,96.986,7.167,10_year
24/03/2025,YW8260831,FR103,6.75,15/07/2035,96.932,7.174,10_year
25/03/2025,YW8260831,FR103,6.75,15/07/2035,96.779,7.196,10_year
26/03/2025,YW8260831,FR103,6.75,15/07/2035,97.396,7.11,10_year
27/03/2025,YW8260831,FR103,6.75,15/07/2035,98.265,6.988,10_year
28/03/2025,YW8260831,FR103,6.75,15/07/2035,,,10_year
31/03/2025,YW8260831,FR103,6.75,15/07/2035,,,10_year
01/04/2025,YW8260831,FR103,6.75,15/07/2035,,,10_year
02/04/2025,YW8260831,FR103,6.75,15/07/2035,,,10_year
03/04/2025,YW8260831,FR103,6.75,15/07/2035,,,10_year
04/04/2025,YW8260831,FR103,6.75,15/07/2035,,,10_year
07/04/2025,YW8260831,FR103,6.75,15/07/2035,,,10_year
08/04/2025,YW8260831,FR103,6.75,15/07/2035,97.786,7.055,10_year
09/04/2025,YW8260831,FR103,6.75,15/07/2035,97.353,7.116,10_year
10/04/2025,YW8260831,FR103,6.75,15/07/2035,98.036,7.02,10_year
11/04/2025,YW8260831,FR103,6.75,15/07/2035,97.856,7.045,10_year
14/04/2025,YW8260831,FR103,6.75,15/07/2035,98.12,7.008,10_year
15/04/2025,YW8260831,FR103,6.75,15/07/2035,98.541,6.949,10_year
16/04/2025,YW8260831,FR103,6.75,15/07/2035,98.702,6.927,10_year
17/04/2025,YW8260831,FR103,6.75,15/07/2035,98.7,6.927,10_year
18/04/2025,YW8260831,FR103,6.75,15/07/2035,,,10_year
21/04/2025,YW8260831,FR103,6.75,15/07/2035,98.595,6.942,10_year
22/04/2025,YW8260831,FR103,6.75,15/07/2035,98.388,6.971,10_year
23/04/2025,YW8260831,FR103,6.75,15/07/2035,98.598,6.942,10_year
24/04/2025,YW8260831,FR103,6.75,15/07/2035,98.667,6.932,10_year
25/04/2025,YW8260831,FR103,6.75,15/07/2035,98.837,6.909,10_year
28/04/2025,YW8260831,FR103,6.75,15/07/2035,98.951,6.893,10_year
29/04/2025,YW8260831,FR103,6.75,15/07/2035,99.077,6.875,10_year
30/04/2025,YW8260831,FR103,6.75,15/07/2035,99.212,6.857,10_year
01/05/2025,YW8260831,FR103,6.75,15/07/2035,,,10_year
02/05/2025,YW8260831,FR103,6.75,15/07/2035,99.183,6.861,10_year
05/05/2025,YW8260831,FR103,6.75,15/07/2035,99.217,6.856,10_year
06/05/2025,YW8260831,FR103,6.75,15/07/2035,99.162,6.864,10_year
07/05/2025,YW8260831,FR103,6.75,15/07/2035,99.269,6.849,10_year
08/05/2025,YW8260831,FR103,6.75,15/07/2035,99.284,6.847,10_year
09/05/2025,YW8260831,FR103,6.75,15/07/2035,99.329,6.841,10_year
12/05/2025,YW8260831,FR103,6.75,15/07/2035,,,10_year
13/05/2025,YW8260831,FR103,6.75,15/07/2035,,,10_year
14/05/2025,YW8260831,FR103,6.75,15/07/2035,99.015,6.885,10_year
15/05/2025,YW8260831,FR103,6.75,15/07/2035,98.898,6.901,10_year
16/05/2025,YW8260831,FR103,6.75,15/07/2035,99.142,6.867,10_year
19/05/2025,YW8260831,FR103,6.75,15/07/2035,99.208,6.858,10_year
20/05/2025,YW8260831,FR103,6.75,15/07/2035,99.412,6.83,10_year
21/05/2025,YW8260831,FR103,6.75,15/07/2035,99.528,6.814,10_year
22/05/2025,YW8260831,FR103,6.75,15/07/2035,99.397,6.832,10_year
23/05/2025,YW8260831,FR103,6.75,15/07/2035,99.546,6.811,10_year
26/05/2025,YW8260831,FR103,6.75,15/07/2035,99.619,6.801,10_year
27/05/2025,YW8260831,FR103,6.75,15/07/2035,99.522,6.815,10_year
28/05/2025,YW8260831,FR103,6.75,15/07/2035,99.449,6.825,10_year
29/05/2025,YW8260831,FR103,6.75,15/07/2035,,,10_year
30/05/2025,YW8260831,FR103,6.75,15/07/2035,,,10_year
02/06/2025,YW8260831,FR103,6.75,15/07/2035,99.251,6.852,10_year
03/06/2025,YW8260831,FR103,6.75,15/07/2035,99.417,6.829,10_year
04/06/2025,YW8260831,FR103,6.75,15/07/2035,99.55,6.811,10_year
05/06/2025,YW8260831,FR103,6.75,15/07/2035,99.923,6.759,10_year
06/06/2025,YW8260831,FR103,6.75,15/07/2035,,,10_year
09/06/2025,YW8260831,FR103,6.75,15/07/2035,,,10_year
10/06/2025,YW8260831,FR103,6.75,15/07/2035,99.904,6.762,10_year
11/06/2025,YW8260831,FR103,6.75,15/07/2035,100.105,6.734,10_year
12/06/2025,YW8260831,FR103,6.75,15/07/2035,100.558,6.672,10_year
13/06/2025,YW8260831,FR103,6.75,15/07/2035,100.268,6.712,10_year
16/06/2025,YW8260831,FR103,6.75,15/07/2035,100.142,6.729,10_year
17/06/2025,YW8260831,FR103,6.75,15/07/2035,100.263,6.713,10_year
18/06/2025,YW8260831,FR103,6.75,15/07/2035,100.28,6.71,10_year
19/06/2025,YW8260831,FR103,6.75,15/07/2035,100.123,6.732,10_year
20/06/2025,YW8260831,FR103,6.75,15/07/2035,99.988,6.751,10_year
23/06/2025,YW8260831,FR103,6.75,15/07/2035,99.64,6.799,10_year
24/06/2025,YW8260831,FR103,6.75,15/07/2035,100.072,6.739,10_year
25/06/2025,YW8260831,FR103,6.75,15/07/2035,100.578,6.67,10_year
26/06/2025,YW8260831,FR103,6.75,15/07/2035,100.766,6.644,10_year
27/06/2025,YW8260831,FR103,6.75,15/07/2035,,,10_year
30/06/2025,YW8260831,FR103,6.75,15/07/2035,100.97,6.616,10_year
01/07/2025,YW8260831,FR103,6.75,15/07/2035,101.152,6.591,10_year
02/07/2025,YW8260831,FR103,6.75,15/07/2035,101.065,6.603,10_year
03/07/2025,YW8260831,FR103,6.75,15/07/2035,101.187,6.586,10_year
04/07/2025,YW8260831,FR103,6.75,15/07/2035,101.295,6.571,10_year
07/07/2025,YW8260831,FR103,6.75,15/07/2035,101.326,6.567,10_year
08/07/2025,YW8260831,FR103,6.75,15/07/2035,101.263,6.576,10_year
09/07/2025,YW8260831,FR103,6.75,15/07/2035,101.276,6.574,10_year
10/07/2025,YW8260831,FR103,6.75,15/07/2035,101.349,6.564,10_year
11/07/2025,YW8260831,FR103,6.75,15/07/2035,101.348,6.564,10_year
14/07/2025,YW8260831,FR103,6.75,15/07/2035,101.261,6.576,10_year
15/07/2025,YW8260831,FR103,6.75,15/07/2035,101.373,6.56,10_year
16/07/2025,YW8260831,FR103,6.75,15/07/2035,101.394,6.558,10_year
17/07/2025,YW8260831,FR103,6.75,15/07/2035,101.297,6.571,10_year
18/07/2025,YW8260831,FR103,6.75,15/07/2035,101.638,6.524,10_year
21/07/2025,YW8260831,FR103,6.75,15/07/2035,101.753,6.508,10_year
22/07/2025,YW8260831,FR103,6.75,15/07/2035,101.996,6.475,10_year
23/07/2025,YW8260831,FR103,6.75,15/07/2035,101.899,6.488,10_year
24/07/2025,YW8260831,FR103,6.75,15/07/2035,101.837,6.496,10_year
25/07/2025,YW8260831,FR103,6.75,15/07/2035,101.75,6.508,10_year
28/07/2025,YW8260831,FR103,6.75,15/07/2035,101.661,6.52,10_year
29/07/2025,YW8260831,FR103,6.75,15/07/2035,101.498,6.542,10_year
30/07/2025,YW8260831,FR103,6.75,15/07/2035,101.504,6.541,10_year
31/07/2025,YW8260831,FR103,6.75,15/07/2035,101.427,6.552,10_year
01/08/2025,YW8260831,FR103,6.75,15/07/2035,101.347,6.563,10_year
04/08/2025,YW8260831,FR103,6.75,15/07/2035,101.944,6.481,10_year
05/08/2025,YW8260831,FR103,6.75,15/07/2035,102.038,6.468,10_year
06/08/2025,YW8260831,FR103,6.75,15/07/2035,102.078,6.462,10_year
07/08/2025,YW8260831,FR103,6.75,15/07/2035,102.244,6.44,10_year
08/08/2025,YW8260831,FR103,6.75,15/07/2035,102.549,6.398,10_year
11/08/2025,YW8260831,FR103,6.75,15/07/2035,102.391,6.419,10_year
12/08/2025,YW8260831,FR103,6.75,15/07/2035,102.436,6.413,10_year
13/08/2025,YW8260831,FR103,6.75,15/07/2035,102.626,6.387,10_year
14/08/2025,YW8260831,FR103,6.75,15/07/2035,102.816,6.361,10_year
15/08/2025,YW8260831,FR103,6.75,15/07/2035,102.697,6.377,10_year
18/08/2025,YW8260831,FR103,6.75,15/07/2035,,,10_year
19/08/2025,YW8260831,FR103,6.75,15/07/2035,102.563,6.395,10_year
20/08/2025,YW8260831,FR103,6.75,15/07/2035,102.721,6.374,10_year
21/08/2025,YW8260831,FR103,6.75,15/07/2035,103.167,6.313,10_year
22/08/2025,YW8260831,FR103,6.75,15/07/2035,102.99,6.337,10_year
25/08/2025,YW8260831,FR103,6.75,15/07/2035,103.158,6.314,10_year
26/08/2025,YW8260831,FR103,6.75,15/07/2035,103.191,6.31,10_year
27/08/2025,YW8260831,FR103,6.75,15/07/2035,103.203,6.308,10_year
28/08/2025,YW8260831,FR103,6.75,15/07/2035,103.286,6.297,10_year
29/08/2025,YW8260831,FR103,6.75,15/07/2035,102.953,6.341,10_year
01/09/2025,YW8260831,FR103,6.75,15/07/2035,102.598,6.389,10_year
02/09/2025,YW8260831,FR103,6.75,15/07/2035,102.861,6.354,10_year
03/09/2025,YW8260831,FR103,6.75,15/07/2035,102.679,6.378,10_year
04/09/2025,YW8260831,FR103,6.75,15/07/2035,102.718,6.373,10_year
05/09/2025,YW8260831,FR103,6.75,15/07/2035,,,10_year
08/09/2025,YW8260831,FR103,6.75,15/07/2035,102.773,6.365,10_year
09/09/2025,YW8260831,FR103,6.75,15/07/2035,102.409,6.415,10_year
10/09/2025,YW8260831,FR103,6.75,15/07/2035,102.475,6.405,10_year
11/09/2025,YW8260831,FR103,6.75,15/07/2035,102.768,6.365,10_year
12/09/2025,YW8260831,FR103,6.75,15/07/2035,103.129,6.316,10_year
15/09/2025,YW8260831,FR103,6.75,15/07/2035,103.092,6.321,10_year
16/09/2025,YW8260831,FR103,6.75,15/07/2035,103.091,6.321,10_year
17/09/2025,YW8260831,FR103,6.75,15/07/2035,103.498,6.266,10_year
18/09/2025,YW8260831,FR103,6.75,15/07/2035,103.534,6.261,10_year
19/09/2025,YW8260831,FR103,6.75,15/07/2035,103.351,6.285,10_year
22/09/2025,YW8260831,FR103,6.75,15/07/2035,103.141,6.314,10_year
23/09/2025,YW8260831,FR103,6.75,15/07/2035,103.04,6.327,10_year
24/09/2025,YW8260831,FR103,6.75,15/07/2035,102.721,6.371,10_year
25/09/2025,YW8260831,FR103,6.75,15/07/2035,102.503,6.4,10_year
26/09/2025,YW8260831,FR103,6.75,15/07/2035,102.464,6.406,10_year
29/09/2025,YW8260831,FR103,6.75,15/07/2035,102.848,6.353,10_year
30/09/2025,YW8260831,FR103,6.75,15/07/2035,102.871,6.35,10_year
01/10/2025,YW8260831,FR103,6.75,15/07/2035,103.171,6.309,10_year
02/10/2025,YW8260831,FR103,6.75,15/07/2035,103.114,6.316,10_year
03/10/2025,YW8260831,FR103,6.75,15/07/2035,103.261,6.296,10_year
06/10/2025,YW8260831,FR103,6.75,15/07/2035,103.402,6.277,10_year
07/10/2025,YW8260831,FR103,6.75,15/07/2035,103.758,6.229,10_year
08/10/2025,YW8260831,FR103,6.75,15/07/2035,104.278,6.159,10_year
09/10/2025,YW8260831,FR103,6.75,15/07/2035,104.726,6.098,10_year
10/10/2025,YW8260831,FR103,6.75,15/07/2035,104.8,6.088,10_year
13/10/2025,YW8260831,FR103,6.75,15/07/2035,104.832,6.084,10_year
14/10/2025,YW8260831,FR103,6.75,15/07/2035,105.057,6.054,10_year
15/10/2025,YW8260831,FR103,6.75,15/07/2035,105.441,6.003,10_year
16/10/2025,YW8260831,FR103,6.75,15/07/2035,105.921,5.939,10_year
17/10/2025,YW8260831,FR103,6.75,15/07/2035,105.82,5.952,10_year
20/10/2025,YW8260831,FR103,6.75,15/07/2035,105.852,5.948,10_year
21/10/2025,YW8260831,FR103,6.75,15/07/2035,105.908,5.94,10_year
22/10/2025,YW8260831,FR103,6.75,15/07/2035,105.839,5.949,10_year
23/10/2025,YW8260831,FR103,6.75,15/07/2035,105.635,5.975,10_year
24/10/2025,YW8260831,FR103,6.75,15/07/2035,105.641,5.975,10_year
27/10/2025,YW8260831,FR103,6.75,15/07/2035,105.601,5.98,10_year
28/10/2025,YW8260831,FR103,6.75,15/07/2035,105.599,5.98,10_year
29/10/2025,YW8260831,FR103,6.75,15/07/2035,105.512,5.991,10_year
30/10/2025,YW8260831,FR103,6.75,15/07/2035,105.214,6.03,10_year
31/10/2025,YW8260831,FR103,6.75,15/07/2035,104.988,6.06,10_year
03/11/2025,YW8260831,FR103,6.75,15/07/2035,104.405,6.139,10_year
04/11/2025,YW8260831,FR103,6.75,15/07/2035,104.326,6.149,10_year
05/11/2025,YW8260831,FR103,6.75,15/07/2035,104.267,6.157,10_year
06/11/2025,YW8260831,FR103,6.75,15/07/2035,104.2,6.166,10_year
07/11/2025,YW8260831,FR103,6.75,15/07/2035,,,10_year
10/11/2025,YW8260831,FR103,6.75,15/07/2035,,,10_year
11/11/2025,YW8260831,FR103,6.75,15/07/2035,104.292,6.153,10_year
12/11/2025,YW8260831,FR103,6.75,15/07/2035,104.409,6.137,10_year
13/11/2025,YW8260831,FR103,6.75,15/07/2035,104.542,6.119,10_year
14/11/2025,YW8260831,FR103,6.75,15/07/2035,104.592,6.112,10_year
17/11/2025,YW8260831,FR103,6.75,15/07/2035,104.525,6.121,10_year
18/11/2025,YW8260831,FR103,6.75,15/07/2035,104.492,6.125,10_year
19/11/2025,YW8260831,FR103,6.75,15/07/2035,104.492,6.125,10_year
20/11/2025,YW8260831,FR103,6.75,15/07/2035,104.325,6.147,10_year
21/11/2025,YW8260831,FR103,6.75,15/07/2035,104.167,6.169,10_year
24/11/2025,YW8260831,FR103,6.75,15/07/2035,103.892,6.206,10_year
25/11/2025,YW8260831,FR103,6.75,15/07/2035,104.041,6.186,10_year
26/11/2025,YW8260831,FR103,6.75,15/07/2035,103.708,6.231,10_year
27/11/2025,YW8260831,FR103,6.75,15/07/2035,103.459,6.265,10_year
28/11/2025,YW8260831,FR103,6.75,15/07/2035,103.223,6.297,10_year
01/12/2025,YW8260831,FR103,6.75,15/07/2035,103.5,6.259,10_year
02/12/2025,YW8260831,FR103,6.75,15/07/2035,103.409,6.271,10_year
03/12/2025,YW8260831,FR103,6.75,15/07/2035,103.642,6.239,10_year
04/12/2025,YW8260831,FR103,6.75,15/07/2035,104.01,6.189,10_year
05/12/2025,YW8260831,FR103,6.75,15/07/2035,104.077,6.179,10_year
08/12/2025,YW8260831,FR103,6.75,15/07/2035,103.992,6.191,10_year
09/12/2025,YW8260831,FR103,6.75,15/07/2035,,,10_year
10/12/2025,YW8260831,FR103,6.75,15/07/2035,104.15,6.169,10_year
11/12/2025,YW8260831,FR103,6.75,15/07/2035,104.224,6.159,10_year
12/12/2025,YW8260831,FR103,6.75,15/07/2035,104.191,6.163,10_year
